invoice_no,date,bill_to,order_id,balance_due
# 36258,Mar 06 2012,Aaron Bergman,CA-2012-AB10015140-40974,$50.10
# 36259,Mar 06 2012,Aaron Bergman,CA-2012-AB10015140-40974,$58.11
,,"Jun 5, 2023",,$0.00
# 39519,Feb 19 2012,Aaron Bergman,CA-2012-AB10015140-40958,$22.17
# 36651,May 12 2012,Aaron Hawkins,CA-2012-AH10030140-41041,"$1,353.08"
# 36652,May 12 2012,Aaron Hawkins,CA-2012-AH10030140-41041,$17.15
# 37425,Oct 24 2012,Aaron Hawkins,US-2012-AH10030140-41206,$160.94
# 38460,Apr 21 2012,Aaron Hawkins,CA-2012-AH10030140-41020,"$2,037.92"
,,"Jun 5, 2023",,$0.00
# 40100,Dec 30 2012,Aaron Hawkins,CA-2012-AH10030140-41273,$112.53
# 40101,Dec 30 2012,Aaron Hawkins,CA-2012-AH10030140-41273,$58.00
# 47905,Sep 13 2012,Aaron Hawkins,CG-2012-AH1003033-41165,"$23,581.71"
,Dec 08 2012,Aaron Hawkins,MX-2012-AH1003082-41251,"$2,724.57"
# 49674,Feb 20 2013,Aaron Hawkins,UP-2013-AH10030137-41325,"$8,376.32"
,Oct 23 2012,Aaron Hawkins,MX-2012-AH1003051-41205,"$10,672.30"
# 15978,Mar 31 2012,Aaron Smayling,IT-2012-AS1004564-40999,"$1,910.35"
# 35876,Jul 26 2012,Aaron Smayling,US-2012-AS10045140-41116,$727.94
# 21617,May 31 2012,Adam Bellavance,IN-2012-AB1006059-41060,"$6,263.17"
# 16384,Dec 08 2012,Adam Hart,ES-2012-AH10075139-41251,"$6,208.84"
# 30118,Aug 22 2012,Adam Hart,IN-2012-AH100757-41143,"$6,637.37"
# 30845,Sep 11 2012,Adam Hart,ID-2012-AH100757-41163,"$1,866.95"
# 36279,Nov 15 2012,Adam Hart,CA-2012-AH10075140-41228,$11.95
# 12471,May 20 2012,Adam Shillingsburg,IT-2012-AS1009091-41049,"$1,620.65"
# 40245,Dec 23 2012,Adam Shillingsburg,CA-2012-AS10090140-41266,$16.13
,,"Jun 5, 2023",,$0.00
# 40953,Sep 21 2012,Adam Shillingsburg,CA-2012-AS10090140-41173,$4.40
# 40954,Sep 21 2012,Adam Shillingsburg,CA-2012-AS10090140-41173,$53.32
# 40955,Sep 21 2012,Adam Shillingsburg,CA-2012-AS10090140-41173,"$2,150.86"
# 25445,Dec 27 2012,Adrian Barton,IN-2012-AB1010558-41270,"$3,583.72"
# 35579,Dec 19 2012,Adrian Barton,CA-2012-AB10105140-41262,$5.08
# 35580,Dec 19 2012,Adrian Barton,CA-2012-AB10105140-41262,"$3,375.73"
# 33399,Jul 17 2012,Adrian Hane,CA-2012-AH10120140-41107,$860.38
# 39793,Mar 04 2012,Aimee Bixby,CA-2012-AB10150140-40972,$186.58
# 39794,Mar 04 2012,Aimee Bixby,CA-2012-AB10150140-40972,"$1,494.92"
# 39795,Mar 04 2012,Aimee Bixby,CA-2012-AB10150140-40972,$39.15
# 39796,Mar 04 2012,Aimee Bixby,CA-2012-AB10150140-40972,$245.75
# 39797,Mar 04 2012,Aimee Bixby,CA-2012-AB10150140-40972,$205.77
# 36600,Nov 15 2012,Alan Barnes,US-2012-AB10165140-41228,$56.61
,Aug 15 2012,Alan Dominguez,MX-2012-AD1018018-41136,"$2,815.49"
# 31421,Dec 25 2012,Alan Dominguez,US-2012-AD10180140-41268,"$1,319.71"
,,"Jun 5, 2023",,$0.00
# 22343,Dec 20 2012,Alan Haines,IN-2012-AH1019558-41263,$803.95
# 29721,Nov 24 2012,Alan Haines,ID-2012-AH10195102-41237,"$9,162.23"
# 36551,Mar 05 2013,Alan Haines,CA-2013-AH10195140-41338,$149.91
# 36552,Mar 05 2013,Alan Haines,CA-2013-AH10195140-41338,$58.35
# 42998,Aug 08 2012,Alan Haines,CA-2012-AH19523-41129,$535.01
,Jan 17 2012,Alan Haines,MX-2012-AH1019539-40925,"$15,655.53"
# 14266,Dec 01 2012,Alan Hwang,ES-2012-AH1021045-41244,"$9,546.21"
# 14267,Dec 01 2012,Alan Hwang,ES-2012-AH1021045-41244,"$1,075.62"
# 14269,Dec 01 2012,Alan Hwang,ES-2012-AH1021045-41244,"$1,048.42"
# 28262,Dec 05 2012,Alan Hwang,IN-2012-AH1021027-41248,"$4,298.84"
# 35712,Nov 28 2012,Alan Hwang,CA-2012-AH10210140-41241,$939.35
# 35713,Nov 28 2012,Alan Hwang,CA-2012-AH10210140-41241,$154.12
# 33272,Oct 17 2012,Alan Schoenberger,CA-2012-AS10225140-41199,$864.03
# 33273,Oct 17 2012,Alan Schoenberger,CA-2012-AS10225140-41199,"$7,114.85"
# 33274,Oct 17 2012,Alan Schoenberger,CA-2012-AS10225140-41199,"$3,305.18"
# 31899,Mar 14 2012,Alan Shonely,CA-2012-AS10240140-40982,$126.25
# 31900,Mar 14 2012,Alan Shonely,CA-2012-AS10240140-40982,$114.24
# 31901,Mar 14 2012,Alan Shonely,CA-2012-AS10240140-40982,$8.07
# 31902,Mar 14 2012,Alan Shonely,CA-2012-AS10240140-40982,$56.83
# 31903,Mar 14 2012,Alan Shonely,CA-2012-AS10240140-40982,$329.01
,,"Jun 5, 2023",,$0.00
# 43048,Sep 20 2012,Alan Shonely,CA-2012-AS24023-41172,$6.15
# 40780,Jul 21 2012,Alejandro Ballentine,CA-2012-AB10255140-41111,$119.45
# 24518,Jan 11 2013,Alejandro Grove,IN-2013-AG1027027-41285,"$19,782.76"
# 31314,May 12 2012,Alejandro Grove,CA-2012-AG10270140-41041,$112.82
# 38707,Jul 22 2012,Alejandro Grove,CA-2012-AG10270140-41112,$222.89
# 20581,Nov 08 2012,Alejandro Savely,IN-2012-AS1028558-41221,$634.89
# 20583,Nov 08 2012,Alejandro Savely,IN-2012-AS1028558-41221,"$7,115.53"
# 41450,Aug 16 2012,Alejandro Savely,RS-2012-AS285108-41137,"$9,789.85"
# 33911,Apr 25 2012,Aleksandra,CA-2012-AG10300140-41024,$587.09
,,"Jun 5, 2023",,$0.00
# 33526,Mar 30 2012,Alex Avila,CA-2012-AA10315140-40998,"$1,132.67"
# 33527,Mar 30 2012,Alex Avila,CA-2012-AA10315140-40998,$109.13
# 38765,Sep 14 2012,Alex Avila,CA-2012-AA10315140-41166,$46.81
# 38766,Sep 14 2012,Alex Avila,CA-2012-AA10315140-41166,$30.43
# 18794,Jul 19 2012,Alex Grayson,IT-2012-AG10330139-41109,$625.76
# 28157,Jun 09 2012,Alex Russell,IN-2012-AR10345144-41069,$706.92
# 38655,Dec 29 2012,Alex Russell,US-2012-AR10345140-41272,$935.63
# 38656,Dec 29 2012,Alex Russell,US-2012-AR10345140-41272,$971.50
# 10670,Aug 15 2012,Alice McCarthy,ES-2012-AM10360139-41136,"$31,604.76"
# 36714,Oct 05 2012,Alice McCarthy,CA-2012-AM10360140-41187,$36.03
,Sep 29 2012,Alice McCarthy,US-2012-AM1036055-41181,"$2,923.13"
# 32104,Feb 02 2013,Allen Armold,CA-2013-AA10375140-41307,$71.74
# 32105,Feb 02 2013,Allen Armold,CA-2013-AA10375140-41307,$495.07
# 32469,Apr 20 2012,Allen Armold,CA-2012-AA10375140-41019,$68.05
# 34304,Oct 23 2012,Allen Armold,CA-2012-AA10375140-41205,$84.32
# 36282,Sep 02 2012,Allen Goldenen,CA-2012-AG10390140-41154,$77.37
# 39139,Apr 18 2012,Allen Goldenen,CA-2012-AG10390140-41017,$182.15
# 39140,Apr 18 2012,Allen Goldenen,CA-2012-AG10390140-41017,$790.88
# 27259,Jun 21 2012,Allen Rosenblatt,ID-2012-AR1040527-41081,"$1,035.65"
# 33571,Oct 02 2012,Allen Rosenblatt,CA-2012-AR10405140-41184,$129.65
# 33572,Oct 02 2012,Allen Rosenblatt,CA-2012-AR10405140-41184,$302.92
# 31634,Jul 11 2012,Alyssa Crouse,CA-2012-AC10420140-41101,$14.36
# 31635,Jul 11 2012,Alyssa Crouse,CA-2012-AC10420140-41101,"$1,766.86"
# 32473,Dec 26 2012,Alyssa Tate,CA-2012-AT10435140-41269,$47.30
# 41218,Nov 23 2012,Alyssa Tate,CA-2012-AT10435140-41236,$6.27
# 36068,Oct 30 2012,Amy Cox,US-2012-AC10450140-41212,"$4,992.81"
# 36350,Jan 02 2013,Amy Hunt,CA-2013-AH10465140-41276,"$1,619.18"
# 36351,Jan 02 2013,Amy Hunt,CA-2013-AH10465140-41276,$18.78
# 36352,Jan 02 2013,Amy Hunt,CA-2013-AH10465140-41276,"$8,396.39"
,,"Jun 5, 2023",,$0.00
# 27673,Jun 23 2012,Andrew Allen,IN-2012-AA1048059-41083,"$4,141.24"
# 32756,May 03 2012,Andrew Allen,CA-2012-AA10480140-41032,$61.15
# 12447,Apr 03 2012,Andrew Gjertsen,ES-2012-AG1049545-41002,"$1,967.23"
# 15999,Apr 04 2012,Andrew Gjertsen,ES-2012-AG1049545-41003,"$12,023.40"
# 28750,Dec 05 2012,Andrew Gjertsen,IN-2012-AG1049527-41248,"$17,915.74"
# 36943,Jan 03 2013,Andrew Gjertsen,CA-2013-AG10495140-41277,"$2,711.23"
# 15115,Sep 07 2012,Andrew Roberts,ES-2012-AR1051045-41159,"$9,287.99"
# 21464,Dec 23 2012,Andrew Roberts,IN-2012-AR1051027-41266,"$16,603.70"
# 31904,May 22 2012,Andrew Roberts,US-2012-AR10510140-41051,$3.17
# 31905,May 22 2012,Andrew Roberts,US-2012-AR10510140-41051,$153.67
# 31906,May 22 2012,Andrew Roberts,US-2012-AR10510140-41051,$71.11
# 37121,May 01 2012,Andrew Roberts,CA-2012-AR10510140-41030,$69.67
# 31611,Aug 08 2012,Andy Gerbode,CA-2012-AG10525140-41129,$306.04
# 31612,Aug 08 2012,Andy Gerbode,CA-2012-AG10525140-41129,$39.09
# 38585,Sep 01 2012,Andy Gerbode,CA-2012-AG10525140-41153,"$1,052.20"
# 24876,Jan 01 2013,Andy Reiter,IN-2013-AR1054058-41275,"$1,314.84"
# 35286,Nov 24 2012,Andy Reiter,CA-2012-AR10540140-41237,$108.64
# 37312,Apr 05 2012,Andy Yotov,CA-2012-AY10555140-41004,$186.69
# 37313,Apr 05 2012,Andy Yotov,CA-2012-AY10555140-41004,$236.12
# 37314,Apr 05 2012,Andy Yotov,CA-2012-AY10555140-41004,$60.43
# 37315,Apr 05 2012,Andy Yotov,CA-2012-AY10555140-41004,$57.76
# 39986,Dec 25 2012,Andy Yotov,CA-2012-AY10555140-41268,$20.82
,Apr 20 2012,Anemone Ratner,US-2012-AR1057055-41019,"$2,442.62"
# 12988,Jun 07 2012,Angele Hood,ES-2012-AH1058514-41067,"$11,655.80"
# 35601,Oct 25 2012,Angele Hood,CA-2012-AH10585140-41207,$259.18
# 35602,Oct 25 2012,Angele Hood,CA-2012-AH10585140-41207,"$1,581.63"
# 35427,Nov 17 2012,Ann Blume,CA-2012-AB10600140-41230,$16.33
# 35513,Feb 17 2013,Ann Blume,CA-2013-AB10600140-41322,$29.42
# 49366,Jan 24 2012,Ann Blume,EN-2012-AB60042-40932,$694.54
# 49367,Jan 24 2012,Ann Blume,EN-2012-AB60042-40932,"$2,840.29"
# 42692,Sep 30 2012,Ann Chong,KE-2012-AC61569-41182,"$4,159.60"
# 33707,Jul 31 2012,Ann Steele,CA-2012-AS10630140-41121,$10.86
# 39387,Dec 06 2012,Ann Steele,CA-2012-AS10630140-41249,"$1,909.20"
# 51179,Jul 06 2012,Ann Steele,NI-2012-AS63095-41096,$946.86
# 35317,Jun 21 2012,Anna Andreadi,CA-2012-AA10645140-41081,$376.18
# 35318,Jun 21 2012,Anna Andreadi,CA-2012-AA10645140-41081,$157.37
# 35319,Jun 21 2012,Anna Andreadi,CA-2012-AA10645140-41081,"$3,077.05"
# 39300,Nov 30 2012,Anna Andreadi,CA-2012-AA10645140-41243,$606.34
,,"Jun 5, 2023",,$0.00
# 39302,Nov 30 2012,Anna Andreadi,CA-2012-AA10645140-41243,$20.91
# 36194,Oct 14 2012,Anna Chung,US-2012-AC10660140-41196,$309.48
# 36195,Oct 14 2012,Anna Chung,US-2012-AC10660140-41196,$16.57
# 42837,Sep 01 2012,Anna Gayman,AU-2012-AG6758-41153,"$1,205.04"
# 40216,Apr 01 2012,Anna Häberlin,CA-2012-AH10690140-41000,$366.20
# 19331,Oct 11 2012,Anne McFarland,IT-2012-AM1070548-41193,"$8,832.67"
# 35500,Oct 30 2012,Anne McFarland,CA-2012-AM10705140-41212,$248.51
,,"Jun 5, 2023",,$0.00
# 35502,Oct 30 2012,Anne McFarland,CA-2012-AM10705140-41212,$31.89
# 35503,Oct 30 2012,Anne McFarland,CA-2012-AM10705140-41212,$69.53
# 35504,Oct 30 2012,Anne McFarland,CA-2012-AM10705140-41212,$54.54
# 35505,Oct 30 2012,Anne McFarland,CA-2012-AM10705140-41212,"$8,314.32"
,,"Jun 5, 2023",,$0.00
# 32459,Mar 02 2012,Anne Pryor,CA-2012-AP10720140-40970,$11.98
# 32460,Mar 02 2012,Anne Pryor,CA-2012-AP10720140-40970,$323.98
# 32461,Mar 02 2012,Anne Pryor,CA-2012-AP10720140-40970,$103.76
# 29368,Jun 05 2012,Annie Thurman,IN-2012-AT107357-41065,"$7,868.63"
,,"Jun 5, 2023",,$0.00
# 37563,Nov 02 2012,Annie Thurman,CA-2012-AT10735140-41215,"$1,047.71"
# 39757,Aug 29 2012,Annie Thurman,CA-2012-AT10735140-41150,$128.51
# 39758,Aug 29 2012,Annie Thurman,CA-2012-AT10735140-41150,$296.36
# 33729,Mar 24 2012,Annie Zypern,CA-2012-AZ10750140-40992,"$2,341.18"
# 36397,Mar 16 2012,Annie Zypern,CA-2012-AZ10750140-40984,$8.25
# 36398,Mar 16 2012,Annie Zypern,CA-2012-AZ10750140-40984,$5.94
# 36399,Mar 16 2012,Annie Zypern,CA-2012-AZ10750140-40984,$38.66
,Dec 28 2012,Annie Zypern,MX-2012-AZ1075093-41271,"$19,649.94"
,,"Jun 5, 2023",,$0.00
# 32162,Jan 11 2012,Anthony Jacobs,CA-2012-AJ10780140-40919,$4.11
,,"Jun 5, 2023",,$0.00
# 37592,Dec 27 2012,Anthony Jacobs,CA-2012-AJ10780140-41270,"$10,554.79"
# 37593,Dec 27 2012,Anthony Jacobs,CA-2012-AJ10780140-41270,"$3,574.15"
# 37594,Dec 27 2012,Anthony Jacobs,CA-2012-AJ10780140-41270,$578.38
# 37936,Oct 30 2012,Anthony Jacobs,CA-2012-AJ10780140-41212,"$7,101.65"
# 32065,May 13 2012,Anthony Johnson,CA-2012-AJ10795140-41042,$518.35
# 35334,Dec 28 2012,Anthony Johnson,CA-2012-AJ10795140-41271,$126.56
# 35335,Dec 28 2012,Anthony Johnson,CA-2012-AJ10795140-41271,$86.98
# 35336,Dec 28 2012,Anthony Johnson,CA-2012-AJ10795140-41271,"$3,781.53"
# 35337,Dec 28 2012,Anthony Johnson,CA-2012-AJ10795140-41271,$36.42
# 35338,Dec 28 2012,Anthony Johnson,CA-2012-AJ10795140-41271,$486.11
# 35339,Dec 28 2012,Anthony Johnson,CA-2012-AJ10795140-41271,"$2,474.13"
,,"Jun 5, 2023",,$0.00
# 16013,Dec 25 2012,Anthony O'Donnell,ES-2012-AO10810139-41268,"$5,927.89"
# 25068,Dec 08 2012,Anthony O'Donnell,IN-2012-AO108107-41251,"$4,773.03"
# 11116,May 12 2012,Anthony Rawles,ES-2012-AR1082564-41041,"$4,198.62"
# 34444,Jun 29 2012,Anthony Rawles,CA-2012-AR10825140-41089,$163.53
# 16997,Nov 29 2012,Anthony Witt,IT-2012-AW1084091-41242,"$6,130.71"
,Jun 12 2012,Anthony Witt,MX-2012-AW1084031-41072,"$9,168.14"
# 36493,May 09 2012,Arianne Irving,CA-2012-AI10855140-41038,$485.04
# 36494,May 09 2012,Arianne Irving,CA-2012-AI10855140-41038,$175.79
# 38989,Dec 28 2012,Arianne Irving,CA-2012-AI10855140-41271,$540.70
# 38990,Dec 28 2012,Arianne Irving,CA-2012-AI10855140-41271,"$1,047.91"
# 39748,Apr 27 2012,Arianne Irving,CA-2012-AI10855140-41026,"$6,895.00"
# 20228,Sep 27 2012,Art Ferguson,ES-2012-AF1087014-41179,"$33,846.11"
,Oct 26 2012,Art Ferguson,MX-2012-AF1087031-41208,"$3,987.80"
,Oct 26 2012,Art Ferguson,MX-2012-AF1087031-41208,"$17,614.49"
# 34581,Sep 11 2012,Art Foster,CA-2012-AF10885140-41163,$140.49
# 38851,May 09 2012,Art Foster,CA-2012-AF10885140-41038,"$1,264.35"
# 38852,May 09 2012,Art Foster,CA-2012-AF10885140-41038,$90.75
# 31669,Jul 22 2012,Arthur Gainer,US-2012-AG10900140-41112,$13.39
# 31670,Jul 22 2012,Arthur Gainer,US-2012-AG10900140-41112,"$6,637.09"
# 31671,Jul 22 2012,Arthur Gainer,US-2012-AG10900140-41112,$8.99
# 31672,Jul 22 2012,Arthur Gainer,US-2012-AG10900140-41112,"$3,920.78"
# 32438,Sep 28 2012,Arthur Prichep,CA-2012-AP10915140-41180,$423.89
# 32439,Sep 28 2012,Arthur Prichep,CA-2012-AP10915140-41180,$36.17
# 32440,Sep 28 2012,Arthur Prichep,CA-2012-AP10915140-41180,$7.80
# 32441,Sep 28 2012,Arthur Prichep,CA-2012-AP10915140-41180,"$1,179.89"
# 32442,Sep 28 2012,Arthur Prichep,CA-2012-AP10915140-41180,$67.85
# 35041,Oct 23 2012,Arthur Prichep,CA-2012-AP10915140-41205,$40.61
# 37075,Nov 10 2012,Arthur Prichep,CA-2012-AP10915140-41223,$95.46
# 37076,Nov 10 2012,Arthur Prichep,CA-2012-AP10915140-41223,$106.14
# 38316,Aug 22 2012,Arthur Prichep,CA-2012-AP10915140-41143,$39.17
# 38317,Aug 22 2012,Arthur Prichep,CA-2012-AP10915140-41143,$7.03
# 38318,Aug 22 2012,Arthur Prichep,CA-2012-AP10915140-41143,$11.47
# 38319,Aug 22 2012,Arthur Prichep,CA-2012-AP10915140-41143,"$1,050.64"
# 38320,Aug 22 2012,Arthur Prichep,CA-2012-AP10915140-41143,$152.25
# 38321,Aug 22 2012,Arthur Prichep,CA-2012-AP10915140-41143,"$1,624.53"
# 33503,Jul 13 2012,Arthur Wiediger,US-2012-AW10930140-41103,$45.37
# 33504,Jul 13 2012,Arthur Wiediger,US-2012-AW10930140-41103,$124.50
# 31852,Mar 02 2012,Ashley Jarboe,CA-2012-AJ10945140-40970,$64.31
,Sep 11 2012,Ashley Jarboe,MX-2012-AJ1094582-41163,"$6,286.92"
# 12655,Feb 06 2013,Astrea Jones,ES-2013-AJ1096045-41311,"$4,002.41"
# 31788,Sep 13 2012,Astrea Jones,CA-2012-AJ10960140-41165,"$2,264.78"
# 31789,Sep 13 2012,Astrea Jones,CA-2012-AJ10960140-41165,$34.76
# 39561,Dec 29 2012,Astrea Jones,CA-2012-AJ10960140-41272,$382.11
# 39562,Dec 29 2012,Astrea Jones,CA-2012-AJ10960140-41272,$199.77
# 23962,Aug 07 2012,Barbara Fisher,IN-2012-BF1097527-41128,"$5,307.27"
# 33134,Jul 31 2012,Barbara Fisher,CA-2012-BF10975140-41121,$44.03
# 33135,Jul 31 2012,Barbara Fisher,CA-2012-BF10975140-41121,$145.52
# 33136,Jul 31 2012,Barbara Fisher,CA-2012-BF10975140-41121,$55.96
# 33137,Jul 31 2012,Barbara Fisher,CA-2012-BF10975140-41121,$132.38
# 39349,Jul 13 2012,Barbara Fisher,CA-2012-BF10975140-41103,$55.63
# 40184,Jul 26 2012,Barry Blumstein,CA-2012-BB10990140-41116,$584.83
# 38346,Sep 24 2012,Barry Franz,CA-2012-BF11005140-41176,$25.21
# 38734,Feb 16 2012,Barry Französisch,CA-2012-BF11020140-40955,$87.85
,Dec 20 2012,Barry Gonzalez,MX-2012-BG1103518-41263,"$4,512.30"
# 39057,Dec 05 2012,Barry Gonzalez,CA-2012-BG11035140-41248,$72.53
# 41083,Nov 04 2012,Barry Gonzalez,US-2012-BG11035140-41217,$764.76
,,"Jun 5, 2023",,$0.00
# 12169,Aug 04 2012,Barry Weirich,ES-2012-BW1106548-41125,"$4,861.46"
# 40737,May 24 2012,Barry Weirich,CA-2012-BW11065140-41053,$30.55
,Apr 03 2012,Barry Weirich,MX-2012-BW1106518-41002,"$5,416.86"
# 20674,Jun 16 2012,Bart Watters,IN-2012-BW1111027-41076,"$11,783.25"
# 30764,May 22 2012,Bart Watters,IN-2012-BW1111092-41051,"$2,614.40"
# 30241,Nov 22 2012,Becky Martin,ID-2012-BM1114059-41235,"$2,193.20"
# 12051,Aug 09 2012,Becky Pak,ES-2012-BP11155139-41130,"$43,198.41"
,Sep 15 2012,Becky Pak,MX-2012-BP1115531-41167,"$2,314.77"
# 17220,Dec 09 2012,Ben Peterman,ES-2012-BP11185139-41252,$620.26
# 17222,Dec 09 2012,Ben Peterman,ES-2012-BP11185139-41252,"$1,206.07"
# 12333,Jun 25 2012,Ben Wallace,ES-2012-BW1120045-41085,"$1,486.10"
# 24938,Feb 16 2012,Benjamin Farhat,IN-2012-BF1121558-40955,"$8,589.05"
# 11954,Mar 31 2012,Benjamin Patterson,ES-2012-BP1123064-40999,"$1,846.74"
# 22999,Feb 24 2013,Benjamin Patterson,IN-2013-BP1123058-41329,"$8,218.96"
# 42921,Aug 01 2012,Benjamin Patterson,NI-2012-BP123095-41122,$249.85
# 17062,Jun 01 2012,Benjamin Venier,ES-2012-BV11245139-41061,"$7,538.23"
# 12204,Apr 10 2012,Berenike Kampe,ES-2012-BK1126048-41009,"$2,506.76"
,Dec 22 2012,Beth Fritzler,MX-2012-BF1127536-41265,"$1,985.54"
,Nov 01 2012,Beth Thompson,MX-2012-BT1130582-41214,"$1,482.63"
# 11631,May 01 2012,Bill Donatelli,ES-2012-BD1132045-41030,"$6,352.52"
# 14021,Mar 07 2013,Bill Eplett,ES-2013-BE11335139-41340,"$9,671.51"
# 27119,Jun 28 2012,Bill Eplett,IN-2012-BE1133578-41088,"$6,585.13"
# 18470,Jun 05 2012,Bill Stewart,ES-2012-BS1138045-41065,"$2,161.60"
,Feb 26 2012,Bill Stewart,MX-2012-BS1138093-40965,"$5,039.19"
,Feb 26 2012,Bill Stewart,MX-2012-BS1138093-40965,"$4,201.03"
# 49218,Apr 07 2012,Bobby Elias,GV-2012-BE141052-41006,$621.93
# 21858,Mar 03 2012,Brad Eason,IN-2012-BE1145527-40971,"$1,747.50"
# 27645,Nov 29 2012,Brad Norvell,ID-2012-BN1147078-41242,"$3,371.68"
# 16669,Sep 25 2012,Brad Thomas,ES-2012-BT1148545-41177,"$5,791.12"
# 14229,Dec 16 2012,Bradley Drucker,IT-2012-BD11500104-41259,"$1,723.81"
# 28557,Feb 26 2013,Bradley Talbott,IN-2013-BT1153058-41331,"$33,028.07"
# 16305,Nov 01 2012,Brendan Dodson,IT-2012-BD1156048-41214,"$3,496.72"
# 20145,Feb 22 2013,Brendan Dodson,ES-2013-BD11560139-41327,"$11,783.56"
,Jun 12 2012,Brendan Dodson,MX-2012-BD1156082-41072,"$1,970.23"
,Jun 12 2012,Brendan Dodson,MX-2012-BD1156082-41072,"$1,503.05"
# 20958,Sep 01 2012,Brendan Murry,IN-2012-BM1157527-41153,"$8,864.21"
# 26986,Aug 28 2012,Brendan Murry,ID-2012-BM115757-41149,"$11,558.94"
# 15587,Apr 21 2012,Brendan Sweed,ES-2012-BS1159045-41020,"$2,856.29"
,Aug 24 2012,Brendan Sweed,MX-2012-BS1159039-41145,"$6,449.69"
# 30860,Nov 09 2012,Brian Derr,IN-2012-BD1163592-41222,"$3,069.80"
# 42321,May 13 2012,Brian Stugart,RO-2012-BS1665107-41042,"$1,546.16"
,Dec 07 2012,Brooke Gillingham,MX-2012-BG1169582-41250,"$16,341.73"
,Dec 08 2012,Brooke Gillingham,US-2012-BG1169582-41251,"$5,224.95"
,Jul 19 2012,Bruce Degenhardt,MX-2012-BD1172551-41109,"$6,031.16"
,Jan 01 2013,Bruce Degenhardt,MX-2013-BD1172539-41275,"$4,708.28"
# 27230,Jul 18 2012,Bruce Geld,IN-2012-BG1174078-41108,"$10,632.78"
# 27231,Jul 18 2012,Bruce Geld,IN-2012-BG1174078-41108,"$8,923.61"
# 25045,Jul 19 2012,Bruce Stewart,IN-2012-BS117557-41109,"$6,607.39"
,Sep 12 2012,Bruce Stewart,MX-2012-BS1175537-41164,"$2,139.03"
,Oct 24 2012,Bruce Stewart,US-2012-BS1175582-41206,"$1,116.56"
# 16603,Jul 26 2012,Bryan Davis,ES-2012-BD1177045-41116,"$4,319.12"
# 21030,Mar 09 2012,Bryan Mills,IN-2012-BM1178527-40977,"$5,345.23"
# 28645,Aug 03 2012,Bryan Mills,IN-2012-BM1178558-41124,"$6,000.10"
# 28646,Aug 03 2012,Bryan Mills,IN-2012-BM1178558-41124,"$3,940.70"
# 49041,May 23 2012,Bryan Mills,AG-2012-BM17853-41052,"$1,828.06"
# 41361,Jul 06 2012,Bryan Spruell,SF-2012-BS1800117-41096,"$7,585.79"
# 46338,Oct 09 2012,Bryan Spruell,AO-2012-BS18004-41191,"$4,068.61"
# 16144,Apr 17 2012,Candace McMahon,IT-2012-CM1181545-41016,"$15,589.28"
# 21620,Aug 18 2012,Cari Sayre,IN-2012-CS1184527-41139,"$11,913.91"
# 21621,Aug 18 2012,Cari Sayre,IN-2012-CS1184527-41139,"$9,861.13"
# 21624,Aug 18 2012,Cari Sayre,IN-2012-CS1184527-41139,"$7,539.25"
,Nov 03 2012,Cari Sayre,MX-2012-CS1184516-41216,"$5,818.00"
,Oct 14 2012,Carl Jackson,MX-2012-CJ1187518-41196,"$7,046.81"
# 44270,Aug 08 2012,Carl Weiss,LE-2012-CW190571-41129,$539.60
# 25242,Mar 11 2012,Carlos Daly,IN-2012-CD1192027-40979,"$23,161.70"
# 18994,Jan 09 2013,Carlos Soltero,ES-2013-CS11950124-41283,"$3,508.77"
,Feb 24 2012,Carlos Soltero,MX-2012-CS1195018-40963,"$1,070.59"
# 27720,Feb 10 2012,Carol Adams,ID-2012-CA1196566-40949,"$77,398.84"
# 42483,Apr 21 2012,Carol Darley,SG-2012-CD1980111-41020,$929.00
# 15981,Jan 12 2013,Carol Triggs,ES-2013-CT11995139-41286,"$1,916.48"
# 19288,Aug 23 2012,Caroline Jumper,IT-2012-CJ1201064-41144,$288.60
# 24158,Jan 25 2013,Caroline Jumper,ID-2013-CJ12010144-41299,"$1,405.11"
,Jun 16 2012,Caroline Jumper,MX-2012-CJ1201082-41076,"$1,309.64"
# 24210,Dec 09 2012,Catherine Glotzbach,IN-2012-CG1204027-41252,"$2,499.74"
# 27988,Apr 11 2012,Cathy Hwang,IN-2012-CH1207027-41010,"$5,938.42"
# 11753,Jan 04 2013,Chad Cunningham,ES-2013-CC1210045-41278,"$3,504.34"
,Feb 03 2013,Chad Cunningham,MX-2013-CC1210082-41308,"$1,867.70"
# 51126,Jan 18 2012,Charles Sheldon,TZ-2012-CS2175129-40926,"$2,819.28"
# 27583,Jun 05 2012,Charlotte Melton,ID-2012-CM1219097-41065,"$6,234.32"
# 15521,Mar 29 2012,Chris Selesnick,ES-2012-CS1225048-40997,"$3,377.10"
# 10338,Sep 26 2012,Christina Anderson,ES-2012-CA12265139-41178,"$9,616.19"
# 10340,Sep 26 2012,Christina Anderson,ES-2012-CA12265139-41178,"$3,536.20"
# 48914,Sep 18 2012,Christina Anderson,RS-2012-CA2265108-41170,$374.13
# 21707,Feb 06 2013,Christina DeMoss,IN-2013-CD1228058-41311,"$5,210.05"
# 50073,Aug 10 2012,Christine Phan,MO-2012-CP234086-41131,"$6,195.56"
# 22699,Feb 15 2012,Christopher Martinez,ID-2012-CM12385102-40954,"$4,936.25"
# 22701,Feb 15 2012,Christopher Martinez,ID-2012-CM12385102-40954,"$6,347.29"
# 50636,Jan 13 2013,Christopher Martinez,MZ-2013-CM238587-41287,$885.68
,Dec 12 2012,Christopher Martinez,MX-2012-CM1238582-41255,"$10,773.98"
# 11911,Jul 03 2012,Christy Brittain,IT-2012-CB1241545-41093,"$5,146.03"
# 45227,Apr 24 2012,Chuck Magee,IS-2012-CM244563-41023,"$1,891.97"
# 48363,Oct 03 2012,Chuck Magee,EZ-2012-CM244532-41185,"$7,138.03"
# 42196,Jul 31 2012,Chuck Sachs,SU-2012-CS2460122-41121,"$1,914.82"
# 29381,Aug 12 2012,Cindy Chapman,ID-2012-CC12475102-41133,"$4,689.55"
# 49559,Jan 21 2013,Cindy Schnelling,IZ-2013-CS249061-41295,"$2,316.00"
# 48022,Jun 02 2012,Clay Cheatham,UP-2012-CC2550137-41062,"$1,180.19"
# 48974,Jun 19 2012,Clay Ludtke,CM-2012-CL256522-41079,$808.08
# 29578,Aug 11 2012,Clay Rozendal,ID-2012-CR12580144-41132,"$5,326.84"
# 17534,Jan 15 2013,Corey Catlett,IT-2013-CC1261048-41289,"$18,835.16"
# 17535,Jan 15 2013,Corey Catlett,IT-2013-CC1261048-41289,"$1,253.37"
# 23720,Jul 15 2012,Corey Catlett,IN-2012-CC1261027-41105,"$24,372.29"
,Nov 25 2012,Corey Catlett,MX-2012-CC1261018-41238,"$3,476.60"
# 23213,Jul 29 2012,Corey Roper,ID-2012-CR12625118-41119,"$1,945.35"
,May 23 2012,Corey Roper,MX-2012-CR1262518-41052,"$1,794.06"
# 11877,Sep 13 2012,Corey-Lock,ES-2012-Co12640139-41165,"$3,885.15"
,Jun 19 2012,Corey-Lock,US-2012-Co12640143-41079,"$1,553.05"
# 17848,Nov 05 2012,Corinna Mitchell,IT-2012-CM1265545-41218,"$6,000.23"
# 28192,Oct 21 2012,Craig Carreira,IN-2012-CC126707-41203,"$8,002.36"
# 17327,Jan 15 2012,Craig Leslie,ES-2012-CL1270045-40923,"$1,262.70"
# 20974,Nov 13 2012,Craig Leslie,IN-2012-CL1270058-41226,"$31,815.56"
# 49797,May 30 2012,Craig Molinari,RO-2012-CM2715107-41059,"$16,946.59"
# 29681,Nov 24 2012,Craig Reiter,ID-2012-CR12730113-41237,"$3,837.99"
,Sep 13 2012,Cyma Kinney,MX-2012-CK1276082-41165,"$5,089.84"
# 13985,Nov 28 2012,Cynthia Delaney,ES-2012-CD1279045-41241,"$8,502.18"
# 13186,Jun 21 2012,Cynthia Voltz,ES-2012-CV1280548-41081,"$3,053.99"
# 13187,Jun 21 2012,Cynthia Voltz,ES-2012-CV1280548-41081,"$1,995.60"
# 43619,Sep 07 2012,Cynthia Voltz,TU-2012-CV2805134-41159,"$2,982.05"
# 50000,Apr 26 2012,Cynthia Voltz,LT-2012-CV280572-41025,"$10,561.41"
,Jun 29 2012,Damala Kotsonis,MX-2012-DK1283536-41089,"$10,555.55"
# 50470,Dec 21 2012,Damala Kotsonis,AG-2012-DK28353-41264,"$9,638.47"
# 28046,Jan 10 2012,Dan Lawera,IN-2012-DL128657-40918,"$13,603.20"
# 43420,Aug 29 2012,Dan Lawera,SU-2012-DL2865122-41150,"$3,258.00"
,Jun 06 2012,Dana Kaydos,MX-2012-DK1289582-41066,"$3,495.83"
# 19346,Jun 27 2012,Daniel Raglin,ES-2012-DR1294048-41087,"$1,128.34"
# 20861,Jun 06 2012,Daniel Raglin,IN-2012-DR129407-41066,"$37,884.21"
# 29912,Aug 21 2012,Dario Medina,IN-2012-DM1295558-41142,"$5,916.24"
,Dec 13 2012,Darren Koutras,MX-2012-DK1298582-41256,"$2,851.86"
,Mar 06 2013,Darren Koutras,MX-2013-DK1298539-41339,"$9,758.79"
# 24911,Nov 10 2012,Darren Powers,IN-2012-DP1300078-41223,"$11,200.85"
# 18306,Mar 20 2012,Darrin Martin,ES-2012-DM1301564-40988,$645.27
,Oct 13 2012,Darrin Sayre,MX-2012-DS1303093-41195,"$15,351.31"
,Aug 21 2012,Darrin Van Huff,MX-2012-DV1304582-41142,"$9,840.50"
,Oct 26 2012,Darrin Van Huff,US-2012-DV1304582-41208,"$1,924.87"
# 18898,Sep 19 2012,Dave Brooks,ES-2012-DB1306048-41171,"$3,967.11"
# 18899,Sep 19 2012,Dave Brooks,ES-2012-DB1306048-41171,"$36,636.92"
# 21194,Nov 06 2012,Dave Brooks,IN-2012-DB1306027-41219,"$2,731.18"
# 28264,Apr 18 2012,Dave Brooks,IN-2012-DB130607-41017,"$7,201.29"
,Sep 28 2012,Dave Hallsten,MX-2012-DH1307539-41180,"$2,280.47"
# 22444,Mar 14 2012,Dave Kipp,IN-2012-DK1309027-40982,"$3,492.27"
# 21286,Nov 02 2012,Dave Poirier,IN-2012-DP131057-41215,"$12,060.98"
# 21287,Nov 02 2012,Dave Poirier,IN-2012-DP131057-41215,"$14,106.50"
,Nov 23 2012,Dave Poirier,MX-2012-DP1310582-41236,"$8,304.60"
# 14794,Oct 31 2012,David Flashing,IT-2012-DF13135139-41213,"$8,108.00"
# 11221,May 26 2012,David Philippe,ES-2012-DP1316548-41055,"$2,643.16"
# 15531,Sep 07 2012,David Philippe,ES-2012-DP1316545-41159,"$9,127.02"
# 27261,Sep 21 2012,David Philippe,IN-2012-DP1316558-41173,"$6,012.08"
# 27262,Sep 21 2012,David Philippe,IN-2012-DP1316558-41173,"$2,838.51"
# 24591,Aug 10 2012,David Smith,IN-2012-DS1318027-41131,"$1,620.20"
,Jun 06 2012,Dean Braden,MX-2012-DB1321018-41066,"$1,637.37"
# 27407,Nov 10 2012,Dean percer,IN-2012-Dp1324027-41223,"$51,830.76"
# 19009,Jan 04 2013,Deanra Eno,ES-2013-DE1325545-41278,"$4,095.17"
# 23088,Feb 01 2013,Deanra Eno,ID-2013-DE132557-41306,"$3,516.18"
# 46162,Nov 06 2012,Deanra Eno,BU-2012-DE325519-41219,"$2,668.23"
# 13957,Jun 21 2012,Debra Catini,ES-2012-DC1328548-41081,"$4,431.53"
# 18660,Nov 17 2012,Debra Catini,ES-2012-DC1328545-41230,"$25,904.10"
# 27591,Aug 12 2012,Deirdre Greer,IN-2012-DG1330027-41133,"$2,334.94"
# 18991,Aug 16 2012,Delfina Latchford,IT-2012-DL1331591-41137,"$6,751.22"
# 43035,Jan 22 2013,Delfina Latchford,RS-2013-DL3315108-41296,"$3,466.69"
# 14983,Aug 24 2012,Denise Leinenbach,IT-2012-DL1333091-41145,$684.31
# 14984,Aug 24 2012,Denise Leinenbach,IT-2012-DL1333091-41145,"$2,418.31"
# 15824,Apr 19 2012,Denise Leinenbach,ES-2012-DL13330139-41018,"$3,542.49"
# 22711,Feb 23 2013,Denise Leinenbach,IN-2013-DL1333058-41328,"$16,225.17"
# 48563,Sep 07 2012,Dennis Bolton,ZA-2012-DB3360146-41159,$945.94
# 48564,Sep 07 2012,Dennis Bolton,ZA-2012-DB3360146-41159,$731.65
# 48565,Sep 07 2012,Dennis Bolton,ZA-2012-DB3360146-41159,"$8,853.33"
# 15239,Dec 25 2012,Dennis Kane,IT-2012-DK1337591-41268,"$4,268.83"
,Dec 27 2012,Denny Blanton,US-2012-DB1340582-41270,"$12,553.23"
# 18208,Nov 18 2012,Denny Joy,ES-2012-DJ88887148-41231,"$1,347.04"
# 18210,Nov 18 2012,Denny Joy,ES-2012-DJ88887148-41231,"$3,316.99"
# 18696,May 03 2012,Denny Joy,ES-2012-DJ1342048-41032,"$3,174.40"
# 24509,Mar 20 2012,Denny Joy,IN-2012-DJ13420144-40988,"$17,419.83"
# 50607,Sep 20 2012,Denny Ordway,BN-2012-DO343515-41172,"$13,993.97"
# 25096,Dec 21 2012,Dianna Arnett,IN-2012-DA1345058-41264,"$2,357.90"
# 25097,Dec 21 2012,Dianna Arnett,IN-2012-DA1345058-41264,"$9,351.97"
# 49553,Apr 03 2012,Dianna Arnett,CG-2012-DA345033-41002,"$2,748.44"
,Oct 17 2012,Dianna Arnett,MX-2012-DA1345031-41199,"$2,495.31"
,Sep 27 2012,Dianna Vittorini,MX-2012-DV1346539-41179,"$1,508.83"
,Sep 27 2012,Dianna Vittorini,MX-2012-DV1346539-41179,"$18,950.06"
# 15501,Sep 11 2012,Dianna Wilson,ES-2012-DW1348045-41163,"$9,454.21"
# 50411,Nov 08 2012,Dianna Wilson,UP-2012-DW3480137-41221,"$8,025.28"
# 23397,Nov 02 2012,Dionis Lloyd,IN-2012-DL1349558-41215,"$4,887.72"
# 16316,Jan 15 2012,Don Jones,ES-2012-DJ1351048-40923,"$1,145.34"
# 29718,Aug 02 2012,Don Miller,IN-2012-DM1352558-41123,"$4,499.68"
,May 08 2012,Don Weiss,MX-2012-DW1354039-41037,"$3,805.82"
,May 08 2012,Don Weiss,MX-2012-DW1354039-41037,"$3,813.52"
# 29258,Sep 07 2012,Dorris liebe,IN-2012-Dl13600130-41159,"$4,071.66"
# 29263,Sep 07 2012,Dorris liebe,IN-2012-Dl13600130-41159,"$9,990.42"
# 19847,Sep 09 2012,Doug Bickford,ES-2012-DB1361548-41161,"$1,494.58"
# 14228,Sep 14 2012,Doug Jacobs,ES-2012-DJ13630120-41166,"$5,328.95"
# 18233,Aug 26 2012,Doug O'Connell,ES-2012-DO1364564-41147,"$2,303.93"
# 22472,Nov 20 2012,Duane Huffman,IN-2012-DH1367558-41233,"$6,011.16"
# 14641,Feb 02 2012,Ed Braxton,ES-2012-EB13705120-40941,$606.67
,May 19 2012,Ed Braxton,MX-2012-EB1370539-41048,"$4,703.66"
# 15037,Dec 12 2012,Edward Hooks,IT-2012-EH1376564-41255,"$2,120.07"
# 21500,Feb 03 2013,Eleni McCrary,IN-2013-EM1381058-41308,"$21,894.77"
# 13511,Feb 02 2012,Ellis Ballard,IT-2012-EB1384048-40941,$450.38
,Oct 15 2012,Ellis Ballard,MX-2012-EB1384093-41197,"$1,867.78"
# 13561,Sep 07 2012,Elpida Rittenbach,ES-2012-ER13855120-41159,"$3,803.66"
# 48222,Jan 10 2012,Elpida Rittenbach,HU-2012-ER385557-40918,$922.07
# 48223,Jan 10 2012,Elpida Rittenbach,HU-2012-ER385557-40918,"$2,468.55"
# 48225,Jan 10 2012,Elpida Rittenbach,HU-2012-ER385557-40918,$497.98
# 20798,Oct 18 2012,Emily Burns,ID-2012-EB1387059-41200,"$2,960.85"
# 17283,Jun 06 2012,Emily Ducich,IT-2012-ED1388564-41066,"$3,645.49"
,Oct 02 2012,Emily Ducich,MX-2012-ED1388582-41184,"$8,757.78"
# 46335,Dec 19 2012,Emily Grady,AG-2012-EG39003-41262,"$4,608.91"
# 26054,Oct 04 2012,Emily Phan,IN-2012-EP1391527-41186,"$4,381.84"
# 28110,May 20 2012,Emily Phan,IN-2012-EP1391559-41049,"$16,928.18"
# 13360,Dec 22 2012,Eric Murdock,IT-2012-EM1396062-41265,"$3,293.59"
# 18577,Aug 31 2012,Eric Murdock,ES-2012-EM13960139-41152,"$5,081.95"
# 30440,Jan 15 2013,Eric Murdock,IN-2013-EM1396092-41289,"$2,984.09"
# 46049,Feb 12 2012,Eric Murdock,MO-2012-EM396086-40951,"$2,928.42"
# 50041,Jul 17 2012,Erica Bern,SG-2012-EB3975111-41107,"$13,421.28"
# 27069,Oct 05 2012,Erica Hackney,IN-2012-EH1399058-41187,"$2,759.90"
# 27070,Oct 05 2012,Erica Hackney,IN-2012-EH1399058-41187,"$1,323.03"
# 27071,Oct 05 2012,Erica Hackney,IN-2012-EH1399058-41187,"$6,866.12"
# 29142,Sep 04 2012,Erica Hackney,IN-2012-EH13990102-41156,"$2,247.14"
# 15648,Jun 05 2012,Erica Hernandez,ES-2012-EH14005139-41065,"$3,596.91"
# 49650,Feb 26 2013,Erica Hernandez,SG-2013-EH4005111-41331,"$1,383.47"
,Nov 02 2012,Erica Hernandez,MX-2012-EH1400531-41215,"$1,854.77"
# 21663,Feb 02 2012,Erin Smith,IN-2012-ES1408027-40941,"$1,231.06"
# 21664,Feb 02 2012,Erin Smith,IN-2012-ES1408027-40941,"$7,520.57"
# 21665,Feb 02 2012,Erin Smith,IN-2012-ES1408027-40941,"$1,040.20"
# 31022,May 30 2012,Erin Smith,IN-2012-ES140807-41059,"$3,094.46"
# 11645,Mar 13 2012,Eugene Barchas,ES-2012-EB1411048-40981,"$17,301.93"
# 22290,Jun 06 2012,Eugene Hildebrand,IN-2012-EH1412558-41066,"$1,245.46"
# 25237,Jul 07 2012,Eugene Hildebrand,ID-2012-EH14125102-41097,"$8,706.14"
# 11508,Aug 14 2012,Evan Henry,ES-2012-EH1418548-41135,"$10,736.19"
# 16552,Feb 02 2012,Evan Henry,IT-2012-EH1418545-40941,"$1,251.69"
# 49474,Apr 19 2012,Frank Carlisle,OD-2012-FC4245119-41018,"$2,739.28"
# 20666,Sep 22 2012,Frank Merwin,IN-2012-FM142907-41174,"$1,128.08"
# 24600,Oct 07 2012,Frank Merwin,IN-2012-FM1429027-41189,"$9,853.36"
,Nov 03 2012,Frank Merwin,MX-2012-FM1429065-41216,"$7,165.76"
# 14079,Aug 20 2012,Frank Olsen,ES-2012-FO1430545-41141,"$4,231.39"
# 18517,Feb 17 2013,Frank Olsen,ES-2013-FO1430545-41322,"$5,888.94"
# 24071,Oct 02 2012,Frank Preis,IN-2012-FP143207-41184,"$5,733.21"
# 11789,Sep 15 2012,Fred Harton,ES-2012-FH14350139-41167,"$8,535.46"
# 23089,Feb 25 2012,Fred McMath,ID-2012-FM1438027-40964,"$13,916.40"
# 27932,Oct 14 2012,Fred Wasserman,IN-2012-FW1439511-41196,"$2,956.97"
# 18927,Feb 15 2012,Gary Zandusky,IT-2012-GZ1447091-40954,"$1,827.54"
# 12378,May 25 2012,Gene Hale,ES-2012-GH14485139-41054,"$40,102.33"
,Dec 02 2012,Gene McClure,MX-2012-GM1450093-41245,"$2,456.26"
# 22091,Mar 05 2013,George Bell,IN-2013-GB145307-41338,"$17,501.85"
# 50372,Jun 28 2012,George Zrebassa,RS-2012-GZ4545108-41088,"$26,707.28"
# 15270,Jan 06 2013,Georgia Rosenberg,ES-2013-GR1456096-41280,"$3,105.00"
,Jul 28 2012,Giulietta Dortch,MX-2012-GD1459082-41118,"$1,958.45"
# 27755,Apr 21 2012,Grant Thornton,ID-2012-GT1463559-41020,"$3,168.61"
# 26455,Mar 24 2012,Greg Guthrie,IN-2012-GG1465027-40992,"$1,354.77"
# 26456,Mar 24 2012,Greg Guthrie,IN-2012-GG1465027-40992,$468.49
# 23791,Jun 14 2012,Greg Hansen,IN-2012-GH1466527-41074,"$10,728.77"
# 28184,Dec 05 2012,Greg Hansen,IN-2012-GH14665113-41248,"$3,284.25"
# 15376,Nov 02 2012,Greg Matthias,IT-2012-GM1468091-41215,"$7,414.24"
# 24450,Mar 05 2013,Greg Matthias,IN-2013-GM146807-41338,$435.99
# 41353,Jan 20 2013,Greg Matthias,TS-2013-GM4680133-41294,$430.77
# 10403,Oct 16 2012,Greg Tran,ES-2012-GT14710120-41198,"$1,576.32"
# 10404,Oct 16 2012,Greg Tran,ES-2012-GT14710120-41198,"$7,678.17"
# 22023,Sep 06 2012,Greg Tran,IN-2012-GT1471058-41158,"$2,245.57"
,Mar 07 2012,Greg Tran,MX-2012-GT1471039-40975,"$25,841.94"
# 27347,Jan 16 2013,Guy Armstrong,IN-2013-GA1472527-41290,"$10,612.05"
# 48319,Oct 31 2012,Hallie Redmond,SA-2012-HR4770110-41213,"$9,412.51"
# 48321,Oct 31 2012,Hallie Redmond,SA-2012-HR4770110-41213,"$7,190.77"
# 50661,Sep 11 2012,Hallie Redmond,CG-2012-HR477033-41163,"$5,106.51"
# 17343,Jun 08 2012,Harold Dahlen,ES-2012-HD1478548-41068,$572.66
,Dec 04 2012,Harold Engle,MX-2012-HE1480082-41247,"$1,876.54"
,Dec 04 2012,Harold Engle,MX-2012-HE1480082-41247,"$3,303.51"
,May 27 2012,Harold Pawlan,MX-2012-HP1481582-41056,"$4,005.94"
# 22216,Jul 29 2012,Heather Jas,IN-2012-HJ1487559-41119,$938.18
# 22218,Jul 29 2012,Heather Jas,IN-2012-HJ1487559-41119,"$3,506.00"
# 11633,Nov 03 2012,Heather Kirkland,ES-2012-HK1489045-41216,"$5,825.40"
# 20409,Jan 26 2012,Heather Kirkland,ID-2012-HK1489059-40934,$336.71
# 29788,Oct 06 2012,Helen Abelman,IN-2012-HA1490527-41188,"$1,826.83"
# 50724,Jan 08 2012,Henia Zydlo,AO-2012-HZ49504-40916,"$15,221.47"
,Sep 08 2012,Henry MacAllister,US-2012-HM1498055-41160,"$1,461.75"
# 42416,Apr 13 2012,Hunter Glantz,EG-2012-HG502538-41012,"$3,341.58"
# 23537,Nov 24 2012,Hunter Lopez,IN-2012-HL150407-41237,"$5,984.43"
,Jan 21 2012,Hunter Lopez,MX-2012-HL1504093-40929,"$13,747.17"
# 41965,Nov 11 2012,Ionia McGrath,CF-2012-IM5055106-41224,"$6,887.27"
# 50251,Jul 19 2012,Ivan Gibson,EG-2012-IG508538-41109,"$1,266.01"
# 50253,Jul 19 2012,Ivan Gibson,EG-2012-IG508538-41109,"$2,267.19"
,Oct 14 2012,Jack Garza,MX-2012-JG1511582-41196,"$7,254.26"
# 18295,Aug 25 2012,Jack Lebron,ES-2012-JL1513045-41146,"$13,513.16"
# 18296,Aug 25 2012,Jack Lebron,ES-2012-JL1513045-41146,"$10,118.68"
# 14556,Sep 14 2012,Jack O'Briant,IT-2012-JO1514548-41166,"$6,549.49"
# 15772,Jun 12 2012,Jack O'Briant,ES-2012-JO1514545-41072,"$1,644.15"
# 13598,Jan 12 2013,James Lanier,ES-2013-JL15175139-41286,"$5,000.28"
# 23609,May 08 2012,James Lanier,ID-2012-JL15175130-41037,"$2,303.30"
# 44795,Jul 31 2012,Jamie Frazer,TU-2012-JF5190134-41121,"$4,938.15"
# 23581,Oct 02 2012,Jamie Kunitz,IN-2012-JK152057-41184,"$3,612.31"
# 47569,Sep 20 2012,Jamie Kunitz,BN-2012-JK520515-41172,"$1,336.38"
# 29407,Apr 20 2012,Janet Molinari,ID-2012-JM1526597-41019,"$1,938.61"
# 42056,Jun 24 2012,Jason Gross,MG-2012-JG531084-41084,"$1,904.53"
# 21580,May 01 2012,Jason Klamczynski,IN-2012-JK1532527-41030,"$2,276.84"
# 21582,May 01 2012,Jason Klamczynski,IN-2012-JK1532527-41030,"$1,084.33"
# 21585,May 01 2012,Jason Klamczynski,IN-2012-JK1532527-41030,"$1,066.58"
# 21586,May 01 2012,Jason Klamczynski,IN-2012-JK1532527-41030,"$17,276.47"
# 24689,Nov 03 2012,Jason Klamczynski,IN-2012-JK1532527-41216,"$7,274.75"
# 18509,Mar 01 2013,Jasper Cacioppo,ES-2013-JC15340139-41334,"$3,003.37"
# 45592,Dec 27 2012,Jay Kimmel,EG-2012-JK537038-41270,"$2,128.62"
,Feb 05 2013,Jay Kimmel,US-2013-JK15370143-41310,$983.36
# 41697,Jun 08 2012,Jennifer Ferguson,SF-2012-JF5415117-41068,$371.59
# 46524,Dec 23 2012,Jennifer Ferguson,MO-2012-JF541586-41266,"$17,531.14"
,Jan 05 2012,Jennifer Halladay,MX-2012-JH1543082-40913,"$24,421.60"
# 50219,Aug 03 2012,Jennifer Patt,IR-2012-JP546060-41124,"$1,549.26"
# 28784,Feb 15 2012,Jeremy Ellison,IN-2012-JE1547566-40954,"$7,157.45"
,Sep 22 2012,Jeremy Pistek,MX-2012-JP1552018-41174,"$4,534.14"
,Nov 14 2012,Jeremy Pistek,MX-2012-JP1552051-41227,"$1,312.01"
# 21672,Jun 09 2012,Jessica Myrick,IN-2012-JM1553566-41069,"$5,464.37"
# 42205,Jan 22 2013,Jesus Ocampo,IZ-2013-JO555061-41296,"$6,162.79"
,Aug 29 2012,Jesus Ocampo,MX-2012-JO1555082-41150,$881.63
# 11601,Jun 15 2012,Jill Fjeld,ES-2012-JF1556564-41075,"$1,279.38"
# 13089,Aug 14 2012,Jill Fjeld,ES-2012-JF15565139-41135,"$2,460.30"
# 19354,Feb 01 2013,Jill Fjeld,ES-2013-JF1556548-41306,"$12,611.53"
# 10052,May 16 2012,Jill Matthias,US-2012-JM1558018-41045,"$1,822.60"
# 30303,May 13 2012,Jill Matthias,IN-2012-JM1558092-41042,"$7,520.37"
,May 16 2012,Jill Matthias,MX-2012-JM1558082-41045,"$11,070.16"
# 29624,Jan 01 2013,Jill Stevenson,ID-2013-JS1559559-41275,"$7,345.38"
# 29626,Jan 01 2013,Jill Stevenson,ID-2013-JS1559559-41275,"$14,353.42"
# 20232,Dec 18 2012,Jim Kriz,ES-2012-JK156408-41261,"$14,009.44"
# 20233,Dec 18 2012,Jim Kriz,ES-2012-JK156408-41261,"$4,301.41"
,Oct 09 2012,Jim Kriz,US-2012-JK1564036-41191,"$4,411.21"
# 11765,Nov 25 2012,Jim Radford,IT-2012-JR1567048-41238,"$7,605.37"
# 29146,Mar 07 2012,Jim Radford,IN-2012-JR156707-40975,"$5,565.83"
# 11713,Jun 06 2012,Jim Sink,IT-2012-JS15685139-41066,"$1,600.26"
,Dec 04 2012,Jim Sink,MX-2012-JS1568593-41247,"$7,580.78"
# 48482,Aug 29 2012,Joe Kamberova,RS-2012-JK5730108-41150,$678.49
# 48487,Aug 29 2012,Joe Kamberova,RS-2012-JK5730108-41150,"$7,396.32"
# 19982,Oct 03 2012,Joel Jenkins,ES-2012-JJ1576045-41185,"$4,527.82"
# 19393,Sep 15 2012,John Castell,ES-2012-JC1577548-41167,"$4,375.62"
# 29555,Feb 05 2013,John Castell,IN-2013-JC157757-41310,"$1,796.80"
# 15811,Feb 01 2013,John Huston,ES-2013-JH1582048-41306,"$7,009.21"
# 15812,Feb 01 2013,John Huston,ES-2013-JH1582048-41306,"$16,786.29"
# 16892,Apr 13 2012,John Huston,ES-2012-JH15820139-41012,"$1,337.97"
# 50394,Feb 10 2012,John Huston,SF-2012-JH5820117-40949,"$5,885.79"
,Jun 05 2012,John Lee,MX-2012-JL1583531-41065,"$1,312.23"
# 30385,Feb 12 2013,John Lucas,ID-2013-JL1585092-41317,"$2,322.91"
# 18704,Feb 07 2013,John Murray,ES-2013-JM1586545-41312,"$1,660.68"
# 18705,Feb 07 2013,John Murray,ES-2013-JM1586545-41312,"$1,342.79"
# 18706,Feb 07 2013,John Murray,ES-2013-JM1586545-41312,"$1,999.08"
,Oct 06 2012,John Murray,MX-2012-JM1586582-41188,"$3,247.57"
# 27551,May 29 2012,John Stevenson,IN-2012-JS1588058-41058,"$6,781.92"
# 23832,Nov 21 2012,Joni Wasserman,IN-2012-JW1595558-41234,$752.18
,Oct 26 2012,Joy Bell-,MX-2012-JB1600093-41208,"$4,192.18"
# 24115,Nov 03 2012,Joy Daniels,ID-2012-JD16015102-41216,"$2,517.08"
# 47713,Dec 16 2012,Joy Daniels,NI-2012-JD601595-41259,$942.46
# 27563,Jun 24 2012,Joy Smith,IN-2012-JS1603059-41084,"$3,960.79"
# 27564,Jun 24 2012,Joy Smith,IN-2012-JS1603059-41084,"$6,202.26"
,Mar 21 2012,Julia West,MX-2012-JW1607582-40989,"$10,774.42"
# 23022,Sep 07 2012,Juliana Krohn,IN-2012-JK160907-41159,"$3,152.06"
,Dec 26 2012,Juliana Krohn,MX-2012-JK1609082-41269,"$7,747.31"
# 10425,Feb 24 2012,Julie Creighton,ES-2012-JC1610514-40963,"$10,577.11"
# 45011,Jun 22 2012,Justin Deggeller,SA-2012-JD6150110-41082,"$3,152.71"
# 45015,Jun 22 2012,Justin Deggeller,SA-2012-JD6150110-41082,$531.32
# 17794,Mar 28 2012,Justin Hirsh,ES-2012-JH1618048-40996,$753.36
,Dec 21 2012,Justin Hirsh,US-2012-JH161805-41264,"$12,809.32"
,Jul 12 2012,Justin Hirsh,MX-2012-JH1618051-41102,"$3,615.21"
# 27059,May 18 2012,Karen Carlisle,IN-2012-KC162557-41047,"$2,438.55"
,Oct 02 2012,Karl Braun,MX-2012-KB1631551-41184,"$6,315.35"
# 24095,Aug 08 2012,Katharine Harms,IN-2012-KH1633027-41129,"$3,940.20"
# 12230,Dec 25 2012,Katherine Nockton,IT-2012-KN16390139-41268,"$22,073.41"
# 24476,Oct 25 2012,Katherine Nockton,ID-2012-KN1639059-41207,"$2,534.14"
,Oct 05 2012,Katrina Edelman,MX-2012-KE1642018-41187,"$15,223.28"
,Aug 17 2012,Katrina Edelman,MX-2012-KE1642039-41138,"$8,014.33"
# 20303,Jan 03 2012,Kean Nguyen,IN-2012-KN164507-40911,$373.81
# 13242,Jan 11 2013,Kelly Lampkin,ES-2013-KL165558-41285,"$6,078.41"
# 20869,Aug 15 2012,Ken Brennan,IN-2012-KB1660058-41136,"$29,817.26"
# 23576,May 17 2012,Ken Brennan,IN-2012-KB1660058-41046,"$2,465.43"
# 10716,Feb 02 2012,Ken Heidel,ES-2012-KH1663048-40941,"$2,444.82"
# 30450,Jan 03 2012,Ken Lonsdale,ID-2012-KL1664592-40911,"$2,296.99"
# 16948,Aug 08 2012,Khloe Miller,ES-2012-KM1666048-41129,"$7,874.12"
# 29114,Aug 14 2012,Kristen Hastings,IN-2012-KH166907-41135,"$1,361.07"
# 19542,Oct 11 2012,Kristina Nunn,ES-2012-KN16705120-41193,"$1,059.10"
# 22335,Aug 02 2012,Kristina Nunn,IN-2012-KN1670527-41123,"$2,211.91"
# 22587,May 22 2012,Kunst Miller,IN-2012-KM1672078-41051,"$10,322.21"
# 22588,May 22 2012,Kunst Miller,IN-2012-KM1672078-41051,"$1,941.11"
,Sep 20 2012,Larry Blacks,US-2012-LB167355-41172,"$1,820.89"
,Aug 08 2012,Larry Hughes,US-2012-LH1675036-41129,"$10,233.03"
,Aug 08 2012,Larry Hughes,US-2012-LH1675036-41129,"$8,981.34"
,Jan 23 2012,Larry Tron,MX-2012-LT1676593-40931,"$4,554.44"
# 17476,Dec 20 2012,Laura Armstrong,ES-2012-LA1678045-41263,"$27,300.91"
# 27096,Dec 04 2012,Laura Armstrong,IN-2012-LA1678058-41247,"$7,403.39"
,Jun 03 2012,Laura Armstrong,MX-2012-LA1678018-41063,"$3,446.16"
,Jun 03 2012,Laura Armstrong,MX-2012-LA1678018-41063,"$2,371.00"
# 13570,Jun 27 2012,Lauren Leatherbury,ES-2012-LL16840139-41087,"$1,346.01"
,May 30 2012,Lela Donovan,MX-2012-LD1685582-41059,"$2,454.31"
# 23952,Jan 06 2013,Lena Radford,IN-2013-LR1691558-41280,"$4,303.47"
,Mar 24 2012,Lena Radford,MX-2012-LR1691539-40992,"$9,857.26"
# 26292,Nov 28 2012,Lindsay Castell,IN-2012-LC1696058-41241,"$5,164.98"
# 46681,Jan 03 2012,Lindsay Williams,IZ-2012-LW699061-40911,"$2,748.62"
,Nov 07 2012,Lisa DeCherney,US-2012-LD170055-41220,"$1,536.65"
,Nov 24 2012,Lisa DeCherney,US-2012-LD1700582-41237,"$1,687.14"
# 10408,Dec 02 2012,Lisa Ryan,ES-2012-LR1703548-41245,"$16,383.17"
# 10411,Dec 02 2012,Lisa Ryan,ES-2012-LR1703548-41245,"$2,812.57"
# 26843,Oct 13 2012,Lisa Ryan,IN-2012-LR1703558-41195,"$15,368.68"
# 26879,May 18 2012,Liz Pelletier,IN-2012-LP170807-41047,"$6,089.86"
,Apr 03 2012,Liz Preis,MX-2012-LP1709528-41002,"$3,230.87"
,Apr 03 2012,Liz Preis,MX-2012-LP1709528-41002,"$3,635.65"
,Jul 26 2012,Liz Preis,MX-2012-LP1709551-41116,"$8,882.46"
# 14130,Mar 07 2013,Liz Thompson,ES-2013-LT1711045-41340,"$6,890.46"
# 19562,Dec 05 2012,Liz Thompson,ES-2012-LT1711048-41248,$787.41
# 14466,Jan 02 2013,Logan Currie,ES-2013-LC17140120-41276,$769.42
# 13043,Dec 12 2012,Logan Haushalter,IT-2012-LH17155104-41255,"$1,403.34"
# 21828,Aug 02 2012,Logan Haushalter,ID-2012-LH17155118-41123,"$18,960.90"
# 11244,Nov 30 2012,Lori Olson,IT-2012-LO17170124-41243,$700.01
# 16506,Dec 25 2012,Lycoris Saunders,ES-2012-LS17230120-41268,"$2,648.55"
# 45794,Dec 26 2012,Magdelene Morse,SA-2012-MM7260110-41269,"$11,300.25"
# 45797,Dec 26 2012,Magdelene Morse,SA-2012-MM7260110-41269,"$8,650.83"
# 45798,Dec 26 2012,Magdelene Morse,SA-2012-MM7260110-41269,"$5,108.58"
# 17047,Jun 09 2012,Marc Crier,IT-2012-MC1727545-41069,"$2,462.58"
# 18843,Jan 22 2012,Marc Harrigan,ES-2012-MH1729014-40930,"$3,403.27"
# 15492,Nov 09 2012,Maria Etezadi,IT-2012-ME1732048-41222,"$2,783.58"
# 24429,Mar 07 2013,Maria Zettner,IN-2013-MZ173357-41340,"$1,770.61"
,Oct 20 2012,Maribeth Dona,MX-2012-MD1735082-41202,"$5,381.04"
,Nov 09 2012,Maribeth Dona,MX-2012-MD1735028-41222,"$28,949.11"
# 25420,Dec 12 2012,Maris LaWare,IN-2012-ML1741027-41255,"$5,066.63"
,Mar 20 2012,Mark Cousins,US-2012-MC17425101-40988,$878.89
,Jul 25 2012,Mark Cousins,MX-2012-MC1742582-41115,"$4,462.94"
# 23849,Oct 31 2012,Mark Van Huff,IN-2012-MV17485113-41213,"$2,388.58"
,Nov 08 2012,MaryBeth Skach,US-2012-MS17530143-41221,$554.69
# 16091,Sep 05 2012,Mathew Reese,ES-2012-MR1754564-41157,"$6,109.12"
# 28870,Dec 11 2012,Matt Connell,IN-2012-MC176057-41254,"$3,110.79"
# 15780,May 31 2012,Matt Hagelstein,ES-2012-MH1762062-41060,"$2,714.94"
# 13682,Dec 08 2012,Matthew Grinstein,ES-2012-MG1765045-41251,$574.75
# 13684,Dec 08 2012,Matthew Grinstein,ES-2012-MG1765045-41251,$551.35
# 19057,Dec 14 2012,Maureen Fritzler,ES-2012-MF1766545-41257,"$1,990.15"
# 24811,Nov 06 2012,Maureen Gastineau,ID-2012-MG1768058-41219,$842.74
# 47346,Mar 06 2012,Maureen Gnade,SA-2012-MG7695110-40974,"$10,256.14"
# 30900,Dec 04 2012,Max Jones,IN-2012-MJ177407-41247,"$8,164.75"
,Oct 14 2012,Max Jones,MX-2012-MJ1774082-41196,"$1,096.78"
# 22665,Nov 08 2012,Maya Herman,IN-2012-MH1778559-41221,"$2,403.47"
# 42343,Nov 16 2012,Maya Herman,SF-2012-MH7785117-41229,"$2,723.64"
# 42986,Nov 22 2012,Meg O'Connel,TU-2012-MO7800134-41235,$317.44
# 22530,Jul 31 2012,Meg Tillman,IN-2012-MT1781527-41121,"$7,130.40"
# 22532,Jul 31 2012,Meg Tillman,IN-2012-MT1781527-41121,"$1,684.44"
# 14388,Jul 13 2012,Melanie Seite,IT-2012-MS17830139-41103,"$4,189.36"
# 14389,Jul 13 2012,Melanie Seite,IT-2012-MS17830139-41103,"$3,767.80"
# 21912,Jul 26 2012,Michael Chen,IN-2012-MC1784559-41116,"$2,383.33"
# 22559,Feb 26 2012,Michael Dominguez,ID-2012-MD1786059-40965,$797.37
,Dec 06 2012,Michael Dominguez,US-2012-MD1786098-41249,"$2,294.64"
# 15743,Nov 30 2012,Michael Grace,ES-2012-MG1787514-41243,"$12,726.05"
# 20876,Sep 23 2012,Michael Grace,IN-2012-MG178757-41175,"$12,156.90"
,Sep 20 2012,Michael Granlund,US-2012-MG1789055-41172,"$7,696.58"
,Aug 30 2012,Michael Kennedy,US-2012-MK17905143-41151,"$1,939.10"
# 27369,Aug 31 2012,Michael Nguyen,IN-2012-MN1793527-41152,"$10,197.71"
# 27371,Aug 31 2012,Michael Nguyen,IN-2012-MN1793527-41152,"$4,707.41"
# 27372,Aug 31 2012,Michael Nguyen,IN-2012-MN1793527-41152,"$6,693.03"
,Oct 13 2012,Michael Stewart,US-2012-MS17980143-41195,"$3,922.53"
# 22561,Feb 09 2013,Michelle Arnett,IN-2013-MA1799559-41314,"$7,666.41"
# 22563,Feb 09 2013,Michelle Arnett,IN-2013-MA1799559-41314,"$2,459.40"
# 43317,Jan 20 2012,Michelle Arnett,AO-2012-MA79954-40928,"$1,739.69"
# 19153,Feb 10 2012,Michelle Ellison,ES-2012-ME18010120-40949,"$1,710.99"
# 28863,Feb 17 2013,Michelle Ellison,IN-2013-ME1801027-41322,"$1,938.06"
# 15665,May 09 2012,Michelle Lonsdale,IT-2012-ML18040124-41038,"$1,900.30"
# 18564,Aug 03 2012,Michelle Lonsdale,ES-2012-ML1804045-41124,"$3,609.36"
# 21566,Feb 18 2012,Michelle Lonsdale,IN-2012-ML180407-40957,"$3,874.67"
# 19839,Dec 16 2012,Michelle Moray,ES-2012-MM1805548-41259,"$5,937.48"
# 49461,Jun 06 2012,Michelle Tran,TU-2012-MT8070134-41066,"$3,347.61"
,Dec 19 2012,Mick Brown,MX-2012-MB1808582-41262,"$1,668.29"
# 12932,Dec 27 2012,Mick Hernandez,ES-2012-MH1811564-41270,"$3,849.19"
# 16113,May 31 2012,Mike Caudle,ES-2012-MC18130139-41060,"$11,357.96"
,Feb 14 2013,Mike Gockenbach,MX-2013-MG1814526-41319,"$2,464.18"
# 21077,Oct 31 2012,Mike Kennedy,ID-2012-MK18160118-41213,$649.86
# 14954,May 11 2012,Mike Pelletier,IT-2012-MP1817545-41040,"$1,022.07"
# 25451,Jun 30 2012,Mike Pelletier,ID-2012-MP1817527-41090,"$8,093.04"
# 25452,Jun 30 2012,Mike Pelletier,ID-2012-MP1817527-41090,$963.18
# 24650,Mar 20 2012,Mike Vittorini,IN-2012-MV1819058-40988,"$4,772.09"
# 29281,Mar 02 2012,Mike Vittorini,IN-2012-MV1819011-40970,"$6,674.61"
# 24643,Oct 13 2012,Mitch Gastineau,IN-2012-MG1820527-41195,"$5,204.46"
# 26887,Feb 23 2012,Mitch Gastineau,IN-2012-MG1820558-40962,"$10,576.31"
# 26889,Feb 23 2012,Mitch Gastineau,IN-2012-MG1820558-40962,"$6,425.61"
# 49573,Aug 02 2012,Mitch Webber,RS-2012-MW8220108-41123,$605.11
# 25885,Dec 20 2012,Mitch Willingham,ID-2012-MW1823597-41263,"$1,129.69"
,Mar 02 2012,Mitch Willingham,MX-2012-MW1823536-40970,"$1,874.99"
# 22493,Jul 24 2012,Muhammed Lee,IN-2012-ML182657-41114,"$6,570.99"
# 14005,May 02 2012,Muhammed,ES-2012-MM1828048-41031,"$3,845.05"
# 50543,Feb 14 2012,Muhammed,RS-2012-MM8280108-40953,"$1,981.21"
# 50544,Feb 14 2012,Muhammed,RS-2012-MM8280108-40953,"$5,403.47"
# 50545,Feb 14 2012,Muhammed,RS-2012-MM8280108-40953,$677.42
# 20102,Sep 08 2012,Muhammed Yedwab,ES-2012-MY182958-41160,"$8,036.56"
# 41346,Aug 16 2012,Muhammed Yedwab,TU-2012-MY8295134-41137,"$1,043.23"
# 42414,Dec 19 2012,Nat Gilpin,LI-2012-NG835573-41262,$603.71
# 14653,Feb 13 2013,Natalie DeCherney,ES-2013-ND18370139-41318,"$6,349.58"
# 14655,Feb 13 2013,Natalie DeCherney,ES-2013-ND18370139-41318,"$5,198.64"
# 13689,Jun 14 2012,Natalie Fritzler,ES-2012-NF18385124-41074,"$2,408.70"
# 41793,Dec 13 2012,Natalie Fritzler,ZA-2012-NF8385146-41256,"$1,415.36"
,Sep 12 2012,Natalie Webber,MX-2012-NW1840082-41164,"$3,618.43"
# 20418,Nov 21 2012,Natalie Webber,IN-2012-NW1840027-41234,"$1,173.56"
# 49997,Aug 09 2012,Natalie Webber,IV-2012-NW840029-41130,"$40,885.22"
# 23980,Feb 14 2013,Nathan Gelder,IN-2013-NG1843058-41319,"$2,301.24"
# 23981,Feb 14 2013,Nathan Gelder,IN-2013-NG1843058-41319,"$1,071.25"
# 24566,Dec 08 2012,Nathan Gelder,IN-2012-NG1843027-41251,"$10,784.39"
# 41883,Mar 30 2012,Nathan Gelder,RS-2012-NG8430108-40998,"$1,848.53"
# 29557,Oct 07 2012,Nathan Mautz,IN-2012-NM1844527-41189,"$3,316.95"
,Nov 10 2012,Neola Schneider,MX-2012-NS1850582-41223,"$15,707.84"
# 27921,Jul 11 2012,Neoma Murray,IN-2012-NM1852058-41101,"$2,234.16"
,Jan 09 2013,Neoma Murray,MX-2013-NM1852082-41283,"$6,526.34"
# 19014,Jul 21 2012,Nick Zandusky,ES-2012-NZ18565139-41111,"$6,225.12"
# 20626,Jan 08 2012,Nicole Fjeld,IN-2012-NF1859527-40916,"$15,490.02"
# 30934,Oct 05 2012,Nicole Hansen,IN-2012-NH1861092-41187,"$15,161.49"
# 30935,Oct 05 2012,Nicole Hansen,IN-2012-NH1861092-41187,"$1,150.85"
# 30936,Oct 05 2012,Nicole Hansen,IN-2012-NH1861092-41187,"$7,322.06"
# 30938,Oct 05 2012,Nicole Hansen,IN-2012-NH1861092-41187,"$1,778.72"
# 25678,May 12 2012,Noah Childs,IN-2012-NC1862511-41041,"$37,419.08"
# 28364,Oct 17 2012,Noah Childs,IN-2012-NC1862558-41199,"$6,815.18"
# 17907,Oct 12 2012,Nona Balk,ES-2012-NB1865548-41194,"$6,186.05"
# 13789,Nov 24 2012,Nora Preis,ES-2012-NP18700120-41237,"$6,596.55"
# 11581,Dec 30 2012,Odella Nelson,ES-2012-ON1871545-41273,"$3,736.67"
# 14070,Feb 16 2012,Odella Nelson,IT-2012-ON1871545-40955,"$45,492.86"
# 21740,Jun 08 2012,Odella Nelson,ID-2012-ON187157-41068,"$2,813.95"
,Sep 29 2012,Pamela Coakley,US-2012-PC1874536-41181,"$1,006.43"
# 14176,Aug 20 2012,Pamela Stobb,ES-2012-PS18760120-41141,"$1,666.58"
# 19569,Jul 15 2012,Pamela Stobb,ES-2012-PS187608-41105,"$1,146.52"
,Aug 23 2012,Parhena Norris,MX-2012-PN1877582-41144,"$3,973.99"
,Sep 08 2012,Patricia Hirasaki,MX-2012-PH1879018-41160,"$6,935.12"
# 17603,Dec 07 2012,Patrick Bzostek,IT-2012-PB1880548-41250,"$1,422.78"
,Oct 26 2012,Patrick Gardner,MX-2012-PG1882082-41208,"$6,024.46"
# 48020,Jan 19 2012,Patrick Gardner,ZA-2012-PG8820146-40927,"$5,994.27"
# 28726,Oct 20 2012,Patrick Jones,IN-2012-PJ188357-41202,"$4,795.36"
# 20149,Apr 26 2012,Patrick O'Brill,ES-2012-PO1885045-41025,"$6,358.34"
,Mar 05 2013,Patrick O'Brill,MX-2013-PO1885051-41338,"$1,282.03"
# 11611,Nov 04 2012,Patrick O'Donnell,ES-2012-PO1886545-41217,"$30,779.91"
# 26021,Mar 17 2012,Patrick O'Donnell,IN-2012-PO18865102-40985,"$4,237.49"
# 12664,Feb 22 2012,Paul Gonzalez,ES-2012-PG1889564-40961,$944.14
# 27048,Nov 29 2012,Paul Gonzalez,IN-2012-PG1889527-41242,"$2,374.78"
# 46228,Mar 30 2012,Paul Gonzalez,RS-2012-PG8895108-40998,"$1,311.75"
# 25629,Nov 15 2012,Paul Lucas,IN-2012-PL1892527-41228,"$4,386.58"
# 25630,Nov 15 2012,Paul Lucas,IN-2012-PL1892527-41228,"$10,533.99"
# 29182,Jan 18 2013,Paul Lucas,ID-2013-PL1892527-41292,"$2,415.66"
# 16411,Nov 03 2012,Paul MacIntyre,ES-2012-PM18940139-41216,"$6,306.19"
# 23815,Jan 10 2013,Paul MacIntyre,IN-2013-PM1894059-41284,"$34,317.56"
# 12012,Feb 08 2013,Paul Prost,ES-2013-PP1895545-41313,"$1,799.91"
# 20272,Aug 17 2012,Paul Prost,ES-2012-PP1895548-41138,"$1,346.54"
# 24673,Oct 23 2012,Paul Prost,IN-2012-PP1895527-41205,"$5,767.71"
# 18062,Jan 22 2012,Paul Stevenson,ES-2012-PS1897064-40930,"$1,727.80"
# 18063,Jan 22 2012,Paul Stevenson,ES-2012-PS1897064-40930,"$3,829.96"
# 25321,Feb 28 2012,Paul Stevenson,ID-2012-PS18970118-40967,"$3,318.58"
# 25322,Feb 28 2012,Paul Stevenson,ID-2012-PS18970118-40967,"$1,452.24"
# 45753,Nov 27 2012,Paul Stevenson,RO-2012-PS8970107-41240,"$7,123.77"
# 49886,Aug 28 2012,Paul Van Hugh,CM-2012-PV898522-41149,"$19,813.86"
# 13571,Apr 05 2012,Pauline Chand,IT-2012-PC19000120-41004,"$11,316.19"
# 19775,Dec 14 2012,Pauline Johnson,ES-2012-PJ19015139-41257,"$9,134.93"
,Sep 22 2012,Pauline Webber,MX-2012-PW1903082-41174,"$4,510.98"
# 22108,Apr 15 2012,Penelope Sewall,IN-2012-PS1904527-41014,"$6,324.90"
,Dec 15 2012,Penelope Sewall,MX-2012-PS1904551-41258,"$7,083.90"
# 48781,Feb 15 2012,Pete Armstrong,SF-2012-PA9060117-40954,"$39,406.65"
# 29256,Sep 24 2012,Peter Fuller,IN-2012-PF191207-41176,"$18,341.07"
# 29257,Sep 24 2012,Peter Fuller,IN-2012-PF191207-41176,"$2,829.78"
# 23159,Jun 29 2012,Peter McVee,ID-2012-PM1913559-41089,$662.87
# 42617,Mar 10 2012,Peter McVee,IR-2012-PM913560-40978,$928.52
,Jan 11 2012,Philip Fox,US-2012-PF1916582-40919,"$13,331.84"
# 26337,Oct 18 2012,Phillina Ober,IN-2012-PO1919527-41200,"$12,964.40"
# 11501,Feb 22 2013,Phillip Breyer,ES-2013-PB19210139-41327,"$1,159.25"
# 11502,Feb 22 2013,Phillip Breyer,ES-2013-PB19210139-41327,"$2,993.59"
# 30187,Dec 16 2012,Phillip Breyer,IN-2012-PB19210127-41259,"$4,527.06"
# 30190,Dec 16 2012,Phillip Breyer,IN-2012-PB19210127-41259,"$11,614.77"
# 30191,Dec 16 2012,Phillip Breyer,IN-2012-PB19210127-41259,"$4,155.89"
# 30193,Dec 16 2012,Phillip Breyer,IN-2012-PB19210127-41259,"$4,614.67"
,Jan 07 2013,Phillip Flathmann,MX-2013-PF1922582-41281,"$15,237.75"
# 11000,Mar 02 2013,Ralph Arnett,ES-2013-RA19285120-41335,"$23,303.25"
# 11001,Mar 02 2013,Ralph Arnett,ES-2013-RA19285120-41335,"$2,268.74"
# 17190,Dec 13 2012,Ralph Arnett,IT-2012-RA19285120-41256,"$1,099.52"
# 23360,Jun 21 2012,Ralph Ritter,IN-2012-RR193157-41081,"$9,524.18"
# 25048,Oct 12 2012,Ralph Ritter,IN-2012-RR1931558-41194,"$2,388.62"
# 13998,Jun 20 2012,Randy Bradley,IT-2012-RB1933045-41080,"$6,507.62"
# 16678,Jun 17 2012,Randy Bradley,IT-2012-RB19330120-41077,"$9,345.88"
# 17040,Jun 13 2012,Randy Bradley,ES-2012-RB19330139-41073,$718.81
# 24452,Jun 02 2012,Randy Ferguson,ID-2012-RF1934527-41062,"$2,149.47"
# 24455,Jun 02 2012,Randy Ferguson,ID-2012-RF1934527-41062,"$10,984.31"
# 24932,Nov 14 2012,Raymond Buch,ID-2012-RB193607-41227,"$16,042.14"
# 30199,Oct 27 2012,Raymond Messe,IN-2012-RM1937558-41209,"$12,078.27"
# 30200,Oct 27 2012,Raymond Messe,IN-2012-RM1937558-41209,"$1,821.22"
# 28676,Dec 21 2012,Ricardo Emerson,IN-2012-RE194057-41264,"$19,214.37"
# 42502,May 01 2012,Richard Bierner,UP-2012-RB9435137-41030,$694.31
# 13599,Nov 22 2012,Richard Eichhorn,ES-2012-RE1945048-41235,"$4,154.64"
# 13603,Nov 22 2012,Richard Eichhorn,ES-2012-RE1945048-41235,"$3,970.15"
# 22988,Feb 24 2013,Richard Eichhorn,IN-2013-RE194507-41329,"$1,381.94"
# 10214,Dec 27 2012,Rick Reed,US-2012-RR1952518-41270,"$1,814.80"
,Dec 27 2012,Rick Reed,US-2012-RR1952536-41270,"$3,547.86"
,Dec 27 2012,Rick Reed,US-2012-RR1952536-41270,"$7,490.62"
# 22482,Sep 10 2012,Rick Reed,IN-2012-RR1952527-41162,"$1,425.19"
# 22483,Sep 10 2012,Rick Reed,IN-2012-RR1952527-41162,"$1,515.39"
# 10786,Sep 11 2012,Rick Wilson,ES-2012-RW19540120-41163,"$4,989.92"
# 18428,Nov 02 2012,Rick Wilson,ES-2012-RW1954045-41215,"$8,710.58"
# 26904,May 26 2012,Rick Wilson,ID-2012-RW195407-41055,"$8,014.03"
# 50731,Aug 03 2012,Ritsa Hightower,SA-2012-RH9555110-41124,"$4,480.38"
# 50732,Aug 03 2012,Ritsa Hightower,SA-2012-RH9555110-41124,"$24,705.41"
# 15190,Nov 02 2012,Rob Dowd,ES-2012-RD19585120-41215,"$4,977.84"
,Oct 02 2012,Rob Lucas,MX-2012-RL1961518-41184,"$7,754.23"
# 41905,Oct 06 2012,Rob Lucas,SA-2012-RL9615110-41188,"$2,659.30"
# 30038,Dec 15 2012,Robert Dilbeck,ID-2012-RD1966066-41258,"$4,309.97"
# 17346,Dec 22 2012,Roger Demir,ES-2012-RD1972045-41265,"$5,612.30"
# 22101,May 01 2012,Roger Demir,IN-2012-RD19720113-41030,"$2,157.43"
# 46321,Jan 13 2012,Roger Demir,EG-2012-RD972038-40921,"$3,251.32"
# 29288,Jul 10 2012,Roland Fjeld,IN-2012-RF1973588-41100,$938.14
# 26893,Jan 09 2013,Roland Schwarz,ID-2013-RS19765102-41283,"$5,187.13"
# 49312,Nov 15 2012,Roland Schwarz,GH-2012-RS976549-41228,"$2,178.78"
# 25868,May 23 2012,Rose O'Brian,IN-2012-RO1978027-41052,"$26,206.32"
# 25871,May 23 2012,Rose O'Brian,IN-2012-RO1978027-41052,"$4,138.01"
# 28018,Jan 22 2013,Rose O'Brian,IN-2013-RO1978058-41296,"$2,815.42"
# 28019,Jan 22 2013,Rose O'Brian,IN-2013-RO1978058-41296,"$13,311.96"
# 29569,Nov 23 2012,Rose O'Brian,ID-2012-RO1978059-41236,"$5,740.01"
# 50118,Feb 25 2012,Rose O'Brian,AG-2012-RO97803-40964,"$1,467.85"
# 50119,Feb 25 2012,Rose O'Brian,AG-2012-RO97803-40964,$898.52
,Feb 17 2013,Ross Baird,MX-2013-RB1979518-41322,"$4,873.22"
# 14643,Apr 25 2012,Roy Collins,IT-2012-RC1982545-41024,"$6,491.78"
# 18074,Jan 11 2012,Roy Collins,ES-2012-RC19825139-40919,"$4,331.85"
,Dec 25 2012,Roy Phan,MX-2012-RP1985536-41268,$593.00
# 48599,Feb 29 2012,Ruben Dartt,UP-2012-RD9900137-40968,"$8,971.23"
# 12698,Jun 08 2012,Russell Applegate,IT-2012-RA1991545-41068,"$1,818.76"
,Jan 04 2012,Russell Applegate,MX-2012-RA1991518-40912,"$9,999.77"
,Nov 13 2012,Russell Applegate,MX-2012-RA1991518-41226,"$3,134.35"
,Nov 10 2012,Russell D'Ascenzo,MX-2012-RD1993051-41223,"$2,573.17"
,Jan 24 2013,Russell D'Ascenzo,MX-2013-RD1993026-41298,"$4,950.75"
,Nov 24 2012,Russell D'Ascenzo,MX-2012-RD1993051-41237,"$4,853.53"
# 18913,Aug 03 2012,Ryan Crowe,ES-2012-RC19960139-41124,"$3,186.50"
# 48121,Jan 21 2012,Sally Hughsby,MG-2012-SH997584-40929,"$7,553.62"
# 28588,Feb 21 2012,Sam Craven,IN-2012-SC2002066-40960,"$4,094.70"
# 24443,Nov 08 2012,Sam Zeldin,IN-2012-SZ2003527-41221,"$29,377.07"
# 29496,Dec 06 2012,Sample Company A,IN-2012-SC200507-41249,"$13,239.94"
,Sep 11 2012,Sample Company A,US-2012-SC200505-41163,"$2,329.23"
# 14500,Oct 18 2012,Sandra Flanagan,ES-2012-SF20065139-41200,"$7,051.88"
# 48389,Sep 05 2012,Sandra Flanagan,UP-2012-SF10065137-41157,"$12,343.63"
,May 13 2012,Sandra Glassco,MX-2012-SG2008039-41042,"$6,743.49"
# 27994,Oct 26 2012,Sandra Glassco,IN-2012-SG2008058-41208,"$11,641.02"
# 48589,Jan 10 2012,Sanjit Jacobs,EG-2012-SJ1012538-40918,"$2,016.09"
# 25995,Jun 21 2012,Saphhira Shifley,IN-2012-SS2014027-41081,"$1,338.36"
# 17043,Nov 30 2012,Sara Luxemburg,ES-2012-SL20155120-41243,"$9,550.74"
# 51080,Oct 30 2012,Sara Luxemburg,IV-2012-SL1015529-41212,"$6,057.53"
# 19933,Dec 07 2012,Sarah Bern,ES-2012-SB2017045-41250,"$5,975.58"
# 23277,Oct 26 2012,Sarah Bern,IN-2012-SB2017027-41208,"$12,115.13"
# 23278,Oct 26 2012,Sarah Bern,IN-2012-SB2017027-41208,"$15,099.29"
# 24394,Dec 28 2012,Sarah Bern,ID-2012-SB201707-41271,$652.46
# 24395,Dec 28 2012,Sarah Bern,ID-2012-SB201707-41271,$727.89
,Feb 07 2013,Sarah Brown,MX-2013-SB2018593-41312,"$2,015.09"
# 12798,May 03 2012,Sarah Foster,ES-2012-SF20200139-41032,"$6,522.28"
,Oct 12 2012,Sarah Jordon,US-2012-SJ2021582-41194,"$1,997.95"
# 16066,Jan 22 2013,Scot Coram,IT-2013-SC20230120-41296,"$4,781.98"
# 29686,Jun 21 2012,Scot Coram,IN-2012-SC2023058-41081,"$16,022.83"
# 29688,Jun 21 2012,Scot Coram,IN-2012-SC2023058-41081,"$2,662.21"
# 42964,Mar 02 2012,Scot Coram,AL-2012-SC102302-40970,"$16,492.73"
# 10963,Mar 07 2013,Scot Wooten,ES-2013-SW202458-41340,"$5,338.08"
# 18978,Apr 13 2012,Scot Wooten,ES-2012-SW2024548-41012,"$2,666.25"
# 25891,Jun 27 2012,Sean Braxton,IN-2012-SB20290144-41087,"$6,118.37"
# 46910,Nov 24 2012,Sean Miller,MO-2012-SM1032086-41237,"$5,265.99"
,Nov 21 2012,Sean Miller,MX-2012-SM2032036-41234,"$6,582.29"
# 50056,Sep 26 2012,Sean Miller,IV-2012-SM1032029-41178,"$5,249.15"
# 10370,May 17 2012,Sean O'Donnell,ES-2012-SO203358-41046,"$6,823.00"
# 10372,May 17 2012,Sean O'Donnell,ES-2012-SO203358-41046,"$6,438.40"
# 17569,Sep 05 2012,Sean O'Donnell,ES-2012-SO20335139-41157,"$2,316.87"
,Jun 16 2012,Sean O'Donnell,MX-2012-SO2033582-41076,"$2,123.84"
,Jun 16 2012,Sean O'Donnell,MX-2012-SO2033582-41076,$925.49
# 24939,Jun 07 2012,Sean Wendt,IN-2012-SW2035059-41067,"$7,426.59"
# 21252,Feb 01 2013,Seth Vernon,IN-2013-SV2036527-41306,"$10,072.85"
# 21253,Feb 01 2013,Seth Vernon,IN-2013-SV2036527-41306,"$7,186.83"
# 30887,Aug 17 2012,Shahid Hopkins,ID-2012-SH203957-41138,"$1,278.93"
# 30140,Nov 15 2012,Shahid Shariari,IN-2012-SS2041058-41228,$748.36
# 31134,May 22 2012,Shaun Weien,ID-2012-SW2045592-41051,"$1,955.03"
,Nov 15 2012,Sheri Gordon,MX-2012-SG2047093-41228,"$1,944.26"
,Apr 06 2012,Shirley Daniels,US-2012-SD2048582-41005,"$1,844.28"
# 14495,Dec 27 2012,Shirley Schmidt,IT-2012-SS2051591-41270,"$4,012.61"
,Nov 21 2012,Shui Tom,MX-2012-ST2053093-41234,"$2,384.15"
,Nov 21 2012,Shui Tom,MX-2012-ST2053093-41234,"$32,354.53"
,Jul 27 2012,Shui Tom,MX-2012-ST2053039-41117,"$5,420.24"
,Aug 29 2012,Skye Norling,MX-2012-SN2056018-41150,"$1,619.09"
,May 20 2012,Sonia Cooley,MX-2012-SC2057531-41049,"$6,127.63"
# 26367,Dec 19 2012,Stefania Perrino,IN-2012-SP2062011-41262,"$11,512.74"
# 26375,Dec 19 2012,Stefania Perrino,IN-2012-SP2062011-41262,"$11,533.20"
# 26376,Dec 19 2012,Stefania Perrino,IN-2012-SP2062011-41262,"$12,273.59"
# 22489,Nov 09 2012,Steve Carroll,IN-2012-SC2068027-41222,"$1,614.39"
# 27639,Mar 07 2012,Steve Carroll,IN-2012-SC2068021-40975,"$4,069.53"
# 13707,May 04 2012,Steve Chapman,ES-2012-SC206958-41033,"$4,280.48"
# 23545,Dec 05 2012,Steve Chapman,IN-2012-SC2069559-41248,"$6,361.29"
# 27922,Sep 22 2012,Steve Nguyen,IN-2012-SN207107-41174,"$7,904.28"
,Sep 14 2012,Steven Cartwright,US-2012-SC2072518-41166,"$5,301.27"
# 42735,Jan 27 2013,Steven Cartwright,CT-2013-SC1072524-41301,"$4,121.94"
# 14184,Jul 17 2012,Steven Roelle,ES-2012-SR20740139-41107,"$4,928.68"
,Dec 07 2012,Steven Ward,MX-2012-SW2075593-41250,"$9,184.50"
# 28189,Jun 02 2012,Stewart Carmichael,IN-2012-SC207707-41062,"$1,836.64"
# 11014,Aug 17 2012,Stuart Calhoun,ES-2012-SC2080045-41138,"$9,482.30"
# 20954,Feb 05 2013,Stuart Calhoun,IN-2013-SC2080058-41310,"$3,916.43"
# 20955,Feb 05 2013,Stuart Calhoun,IN-2013-SC2080058-41310,"$19,302.32"
# 10365,Mar 30 2012,Sue Ann Reed,ES-2012-SA20830139-40998,"$16,103.52"
# 17380,Jun 10 2012,Sung Chung,ES-2012-SC208458-41070,"$10,652.75"
,Nov 27 2012,Sung Chung,MX-2012-SC2084582-41240,"$1,821.71"
# 26597,Apr 10 2012,Sung Shariari,ID-2012-SS2087559-41009,"$4,984.80"
# 11968,Jan 08 2013,Susan MacKendrick,ES-2013-SM2090548-41282,"$2,851.16"
# 15103,Nov 14 2012,Susan Vittorini,ES-2012-SV2093544-41227,"$1,527.40"
# 25949,Jun 02 2012,Susan Vittorini,ID-2012-SV209357-41062,"$5,348.85"
,Nov 16 2012,Suzanne McNair,MX-2012-SM2095018-41229,"$1,685.42"
,Jan 20 2012,Suzanne McNair,MX-2012-SM2095082-40928,$827.23
# 26495,Aug 16 2012,Sylvia Foulston,IN-2012-SF209657-41137,$922.97
# 26496,Aug 16 2012,Sylvia Foulston,IN-2012-SF209657-41137,"$3,576.76"
# 25931,May 05 2012,Tamara Chand,IN-2012-TC2098027-41034,"$3,469.66"
# 41648,Jun 07 2012,Tamara Chand,AJ-2012-TC109809-41067,$601.95
# 49349,Oct 21 2012,Tamara Chand,UP-2012-TC10980137-41203,"$2,091.45"
,Dec 14 2012,Tamara Manning,MX-2012-TM2101082-41257,"$6,532.95"
# 13221,Mar 23 2012,Tamara Willingham,ES-2012-TW2102545-40991,$508.34
# 13223,Mar 23 2012,Tamara Willingham,ES-2012-TW2102545-40991,"$4,173.35"
# 19902,Sep 20 2012,Tamara Willingham,IT-2012-TW2102545-41172,"$3,591.43"
# 28948,Aug 17 2012,Tamara Willingham,IN-2012-TW2102527-41138,"$2,870.97"
# 28293,Dec 20 2012,Ted Trevino,ID-2012-TT2107059-41263,"$3,772.76"
,Nov 11 2012,Ted Trevino,MX-2012-TT2107036-41224,$925.25
# 21104,Jan 13 2013,Thea Hendricks,IN-2013-TH2110078-41287,"$2,845.85"
# 13171,Jan 03 2013,Theone Pippenger,ES-2013-TP21130139-41277,"$3,448.54"
# 23250,Nov 10 2012,Theone Pippenger,IN-2012-TP21130144-41223,"$6,084.97"
# 23251,Nov 10 2012,Theone Pippenger,IN-2012-TP21130144-41223,"$4,744.22"
# 23252,Nov 10 2012,Theone Pippenger,IN-2012-TP21130144-41223,$773.98
,Oct 25 2012,Theone Pippenger,MX-2012-TP2113082-41207,"$10,809.83"
,Dec 10 2012,Theone Pippenger,MX-2012-TP2113093-41253,"$1,998.12"
# 22197,Jan 12 2013,Theresa Coyne,IN-2013-TC211457-41286,"$11,645.39"
# 22198,Jan 12 2013,Theresa Coyne,IN-2013-TC211457-41286,"$1,232.75"
# 21236,Oct 25 2012,Theresa Swint,ID-2012-TS21160102-41207,"$4,360.91"
# 10342,Aug 25 2012,Thomas Boland,ES-2012-TB2117545-41146,$985.06
# 23122,Aug 11 2012,Thomas Boland,ID-2012-TB2117559-41132,"$6,102.72"
# 18758,Sep 18 2012,Thomas Thornton,ES-2012-TT2122045-41170,"$1,476.32"
# 28513,Aug 18 2012,Tiffany House,IN-2012-TH212357-41139,"$1,730.01"
# 43958,Nov 06 2012,Tim Taslimi,PL-2012-TT11265103-41219,"$7,196.23"
# 10745,May 29 2012,Toby Carlisle,IT-2012-TC2129545-41058,"$10,580.54"
# 48962,May 02 2012,Toby Ritter,TZ-2012-TR11325129-41031,"$1,491.18"
,Jul 20 2012,Toby Ritter,MX-2012-TR2132518-41110,$925.51
# 30570,Nov 06 2012,Toby Swindell,IN-2012-TS2134092-41219,"$8,183.09"
# 23926,Jun 06 2012,Todd Boyes,IN-2012-TB213557-41066,"$6,878.18"
# 11844,Jun 01 2012,Todd Sumrall,IT-2012-TS2137048-41061,"$3,558.03"
# 13130,Feb 29 2012,Todd Sumrall,ES-2012-TS21370139-40968,"$4,093.75"
# 23466,Oct 05 2012,Todd Sumrall,IN-2012-TS2137058-41187,"$8,579.17"
# 49660,Feb 21 2013,Tom Ashbrook,TU-2013-TA11385134-41326,"$5,640.75"
# 15218,Feb 29 2012,Tom Boeckenhauer,ES-2012-TB2140048-40968,"$2,412.93"
,Feb 09 2012,Tom Prescott,MX-2012-TP2141531-40948,"$1,344.80"
# 16794,Apr 17 2012,Tom Stivers,ES-2012-TS2143064-41016,"$1,303.38"
# 43613,Feb 24 2012,Tom Stivers,IR-2012-TS1143060-40963,$790.26
# 24694,Dec 07 2012,Tom Zandusky,IN-2012-TZ2144527-41250,"$1,314.72"
,May 17 2012,Tom Zandusky,US-2012-TZ2144536-41046,"$1,741.99"
,May 17 2012,Tom Zandusky,US-2012-TZ2144536-41046,"$5,609.49"
# 12100,Apr 15 2012,Tonja Turnell,ES-2012-TT2146045-41014,"$6,298.03"
# 18457,Mar 09 2012,Tonja Turnell,ES-2012-TT2146048-40977,"$1,650.25"
# 26169,Jan 15 2013,Tonja Turnell,IN-2013-TT2146078-41289,"$1,353.77"
# 25880,Nov 17 2012,Tony Molinari,IN-2012-TM2149059-41230,"$1,759.82"
# 25881,Nov 17 2012,Tony Molinari,IN-2012-TM2149059-41230,"$4,368.45"
# 20584,Oct 25 2012,Tracy Blumstein,IN-2012-TB2152059-41207,"$1,551.57"
# 28215,Jun 23 2012,Tracy Blumstein,IN-2012-TB215207-41083,"$3,365.06"
# 21272,Jul 19 2012,Tracy Hopkins,IN-2012-TH215507-41109,$580.92
# 13856,Jun 13 2012,Tracy Poddar,ES-2012-TP21565139-41073,"$2,631.48"
# 18864,Nov 21 2012,Troy Blackwell,ES-2012-TB215958-41234,"$1,356.49"
# 25750,Dec 07 2012,Troy Staebel,IN-2012-TS216107-41250,"$4,229.80"
# 30584,Jan 31 2012,Troy Staebel,IN-2012-TS2161092-40939,"$10,413.48"
# 30585,Jan 31 2012,Troy Staebel,IN-2012-TS2161092-40939,"$7,773.25"
# 15209,Dec 19 2012,Trudy Brown,ES-2012-TB2162545-41262,"$1,105.55"
# 15210,Dec 19 2012,Trudy Brown,ES-2012-TB2162545-41262,"$2,637.43"
# 17041,Nov 23 2012,Trudy Brown,ES-2012-TB216258-41236,"$4,932.08"
# 17042,Nov 23 2012,Trudy Brown,ES-2012-TB216258-41236,"$1,146.48"
# 26186,Sep 25 2012,Trudy Brown,IN-2012-TB2162588-41177,$448.71
# 21435,Jan 25 2013,Trudy Glocke,IN-2013-TG2164078-41299,"$7,325.56"
# 14380,Jan 10 2013,Trudy Schmidt,IT-2013-TS21655139-41284,"$12,725.04"
# 19175,Jan 19 2013,Valerie Dominguez,ES-2013-VD21670139-41293,$718.64
# 22655,Nov 17 2012,Valerie Takahito,IN-2012-VT2170027-41230,"$6,590.50"
# 25463,Sep 14 2012,Victor Preis,IN-2012-VP217307-41166,"$5,314.27"
# 17080,Nov 29 2012,Victoria Brennan,ES-2012-VB2174545-41242,"$6,922.52"
# 30489,Dec 15 2012,Victoria Wilson,IN-2012-VW2177592-41258,"$4,416.46"
# 20703,Aug 01 2012,Vivek Grady,IN-2012-VG2180558-41122,"$1,906.05"
,Jun 19 2012,Vivek Grady,MX-2012-VG2180582-41079,"$9,164.00"
# 22900,Apr 07 2012,Vivek Sundaresam,IN-2012-VS218207-41006,"$7,074.70"
# 22902,Apr 07 2012,Vivek Sundaresam,IN-2012-VS218207-41006,"$9,118.21"
# 15577,Dec 04 2012,Xylona Preis,IT-2012-XP2186534-41247,"$1,717.28"
,May 03 2012,Xylona Preis,MX-2012-XP2186539-41032,"$22,940.02"
,May 31 2012,Yana Sorensen,MX-2012-YS2188093-41060,"$1,031.66"
# 10563,May 11 2012,Yoseph Carroll,ES-2012-YC21895120-41040,"$5,894.12"
# 31061,Nov 30 2012,Yoseph Carroll,ID-2012-YC2189592-41243,"$2,921.43"
# 15951,Sep 22 2012,Zuschuss Carroll,IT-2012-ZC2191048-41174,"$5,039.00"
# 15953,Sep 22 2012,Zuschuss Carroll,IT-2012-ZC2191048-41174,"$17,560.21"
# 18672,Feb 21 2012,Zuschuss Donatelli,ES-2012-ZD2192564-40960,"$2,078.96"
